"date","year","month","prov","cases","pop","prcp.0","prcp.1","prcp.2","prcp.3","prcp.4","prcp.5","prcp.6","par.0","par.1","par.2","par.3","par.4","par.5","par.6","nino34.0","nino34.1","nino34.2","nino34.3","nino34.4","nino34.5","nino34.6","nino34.7","nino34.8","nino34.9","nino34.10","nino34.11","nino34.12","ID.year","ID.month"
"2009-01-01",2009,1,"Entre Ríos",0,1244041.125,59.6165905744692,22.3205058247662,78.5930009169809,107.572765989048,47.7970211034768,33.5898964198998,35.5751666063956,2.07,3,3.34,2.76,2.97,3.04,2.61,-0.89,-0.86,-0.46,-0.35,-0.25,-0.13,-0.3,-0.68,-0.84,-0.99,-1.21,-1.67,-1.68,1,1
"2009-02-01",2009,2,"Entre Ríos",4,1244041.125,187.581047876737,59.6165905744692,22.3205058247662,78.5930009169809,107.572765989048,47.7970211034768,33.5898964198998,2.33,2.07,3,3.34,2.76,2.97,3.04,-0.79,-0.89,-0.86,-0.46,-0.35,-0.25,-0.13,-0.3,-0.68,-0.84,-0.99,-1.21,-1.67,1,2
"2009-03-01",2009,3,"Entre Ríos",4,1244041.125,219.672187386992,187.581047876737,59.6165905744692,22.3205058247662,78.5930009169809,107.572765989048,47.7970211034768,2.97,2.33,2.07,3,3.34,2.76,2.97,-0.69,-0.79,-0.89,-0.86,-0.46,-0.35,-0.25,-0.13,-0.3,-0.68,-0.84,-0.99,-1.21,1,3
"2009-04-01",2009,4,"Entre Ríos",3,1244041.125,66.9513612646588,219.672187386992,187.581047876737,59.6165905744692,22.3205058247662,78.5930009169809,107.572765989048,2.23,2.97,2.33,2.07,3,3.34,2.76,-0.35,-0.69,-0.79,-0.89,-0.86,-0.46,-0.35,-0.25,-0.13,-0.3,-0.68,-0.84,-0.99,1,4
"2009-05-01",2009,5,"Entre Ríos",0,1244041.125,66.9748330707238,66.9513612646588,219.672187386992,187.581047876737,59.6165905744692,22.3205058247662,78.5930009169809,1.79,2.23,2.97,2.33,2.07,3,3.34,0.06,-0.35,-0.69,-0.79,-0.89,-0.86,-0.46,-0.35,-0.25,-0.13,-0.3,-0.68,-0.84,1,5
"2009-06-01",2009,6,"Entre Ríos",1,1244041.125,23.4924510512993,66.9748330707238,66.9513612646588,219.672187386992,187.581047876737,59.6165905744692,22.3205058247662,2.01,1.79,2.23,2.97,2.33,2.07,3,0.31,0.06,-0.35,-0.69,-0.79,-0.89,-0.86,-0.46,-0.35,-0.25,-0.13,-0.3,-0.68,1,6
"2009-07-01",2009,7,"Entre Ríos",0,1244041.125,65.5171481892855,23.4924510512993,66.9748330707238,66.9513612646588,219.672187386992,187.581047876737,59.6165905744692,2.86,2.01,1.79,2.23,2.97,2.33,2.07,0.48,0.31,0.06,-0.35,-0.69,-0.79,-0.89,-0.86,-0.46,-0.35,-0.25,-0.13,-0.3,1,7
"2009-08-01",2009,8,"Entre Ríos",0,1244041.125,33.8359588908405,65.5171481892855,23.4924510512993,66.9748330707238,66.9513612646588,219.672187386992,187.581047876737,2.97,2.86,2.01,1.79,2.23,2.97,2.33,0.56,0.48,0.31,0.06,-0.35,-0.69,-0.79,-0.89,-0.86,-0.46,-0.35,-0.25,-0.13,1,8
"2009-09-01",2009,9,"Entre Ríos",1,1244041.125,127.949446582632,33.8359588908405,65.5171481892855,23.4924510512993,66.9748330707238,66.9513612646588,219.672187386992,3.14,2.97,2.86,2.01,1.79,2.23,2.97,0.68,0.56,0.48,0.31,0.06,-0.35,-0.69,-0.79,-0.89,-0.86,-0.46,-0.35,-0.25,1,9
"2009-10-01",2009,10,"Entre Ríos",0,1244041.125,83.9916164049181,127.949446582632,33.8359588908405,65.5171481892855,23.4924510512993,66.9748330707238,66.9513612646588,3.6,3.14,2.97,2.86,2.01,1.79,2.23,0.89,0.68,0.56,0.48,0.31,0.06,-0.35,-0.69,-0.79,-0.89,-0.86,-0.46,-0.35,1,10
"2009-11-01",2009,11,"Entre Ríos",8,1244041.125,242.899322596477,83.9916164049181,127.949446582632,33.8359588908405,65.5171481892855,23.4924510512993,66.9748330707238,4.75,3.6,3.14,2.97,2.86,2.01,1.79,1.46,0.89,0.68,0.56,0.48,0.31,0.06,-0.35,-0.69,-0.79,-0.89,-0.86,-0.46,1,11
"2009-12-01",2009,12,"Entre Ríos",6,1244041.125,258.205787957845,242.899322596477,83.9916164049181,127.949446582632,33.8359588908405,65.5171481892855,23.4924510512993,5.02,4.75,3.6,3.14,2.97,2.86,2.01,1.74,1.46,0.89,0.68,0.56,0.48,0.31,0.06,-0.35,-0.69,-0.79,-0.89,-0.86,1,12
"2010-01-01",2010,1,"Entre Ríos",21,1255574,153.381770806427,258.205787957845,242.899322596477,83.9916164049181,127.949446582632,33.8359588908405,65.5171481892855,5.36,5.02,4.75,3.6,3.14,2.97,2.86,1.52,1.74,1.46,0.89,0.68,0.56,0.48,0.31,0.06,-0.35,-0.69,-0.79,-0.89,2,13
"2010-02-01",2010,2,"Entre Ríos",27,1255574,386.079207457251,153.381770806427,258.205787957845,242.899322596477,83.9916164049181,127.949446582632,33.8359588908405,5.78,5.36,5.02,4.75,3.6,3.14,2.97,1.25,1.52,1.74,1.46,0.89,0.68,0.56,0.48,0.31,0.06,-0.35,-0.69,-0.79,2,14
"2010-03-01",2010,3,"Entre Ríos",26,1255574,210.932320994989,386.079207457251,153.381770806427,258.205787957845,242.899322596477,83.9916164049181,127.949446582632,5.4,5.78,5.36,5.02,4.75,3.6,3.14,0.9,1.25,1.52,1.74,1.46,0.89,0.68,0.56,0.48,0.31,0.06,-0.35,-0.69,2,15
"2010-04-01",2010,4,"Entre Ríos",2,1255574,59.4071572945188,210.932320994989,386.079207457251,153.381770806427,258.205787957845,242.899322596477,83.9916164049181,4.46,5.4,5.78,5.36,5.02,4.75,3.6,0.38,0.9,1.25,1.52,1.74,1.46,0.89,0.68,0.56,0.48,0.31,0.06,-0.35,2,16
"2010-05-01",2010,5,"Entre Ríos",1,1255574,106.16591543111,59.4071572945188,210.932320994989,386.079207457251,153.381770806427,258.205787957845,242.899322596477,4.37,4.46,5.4,5.78,5.36,5.02,4.75,-0.22,0.38,0.9,1.25,1.52,1.74,1.46,0.89,0.68,0.56,0.48,0.31,0.06,2,17
"2010-06-01",2010,6,"Entre Ríos",0,1255574,21.3671685307641,106.16591543111,59.4071572945188,210.932320994989,386.079207457251,153.381770806427,258.205787957845,4.21,4.37,4.46,5.4,5.78,5.36,5.02,-0.69,-0.22,0.38,0.9,1.25,1.52,1.74,1.46,0.89,0.68,0.56,0.48,0.31,2,18
"2010-07-01",2010,7,"Entre Ríos",3,1255574,41.0540970320814,21.3671685307641,106.16591543111,59.4071572945188,210.932320994989,386.079207457251,153.381770806427,3.19,4.21,4.37,4.46,5.4,5.78,5.36,-1.07,-0.69,-0.22,0.38,0.9,1.25,1.52,1.74,1.46,0.89,0.68,0.56,0.48,2,19
"2010-08-01",2010,8,"Entre Ríos",0,1255574,40.0462542620241,41.0540970320814,21.3671685307641,106.16591543111,59.4071572945188,210.932320994989,386.079207457251,3,3.19,4.21,4.37,4.46,5.4,5.78,-1.39,-1.07,-0.69,-0.22,0.38,0.9,1.25,1.52,1.74,1.46,0.89,0.68,0.56,2,20
"2010-09-01",2010,9,"Entre Ríos",3,1255574,74.0122032727179,40.0462542620241,41.0540970320814,21.3671685307641,106.16591543111,59.4071572945188,210.932320994989,2.38,3,3.19,4.21,4.37,4.46,5.4,-1.6,-1.39,-1.07,-0.69,-0.22,0.38,0.9,1.25,1.52,1.74,1.46,0.89,0.68,2,21
"2010-10-01",2010,10,"Entre Ríos",0,1255574,58.7415356847652,74.0122032727179,40.0462542620241,41.0540970320814,21.3671685307641,106.16591543111,59.4071572945188,2.68,2.38,3,3.19,4.21,4.37,4.46,-1.69,-1.6,-1.39,-1.07,-0.69,-0.22,0.38,0.9,1.25,1.52,1.74,1.46,0.89,2,22
"2010-11-01",2010,11,"Entre Ríos",1,1255574,40.3133217311567,58.7415356847652,74.0122032727179,40.0462542620241,41.0540970320814,21.3671685307641,106.16591543111,2.41,2.68,2.38,3,3.19,4.21,4.37,-1.64,-1.69,-1.6,-1.39,-1.07,-0.69,-0.22,0.38,0.9,1.25,1.52,1.74,1.46,2,23
"2010-12-01",2010,12,"Entre Ríos",0,1255574,73.246511274991,40.3133217311567,58.7415356847652,74.0122032727179,40.0462542620241,41.0540970320814,21.3671685307641,3.37,2.41,2.68,2.38,3,3.19,4.21,-1.6,-1.64,-1.69,-1.6,-1.39,-1.07,-0.69,-0.22,0.38,0.9,1.25,1.52,1.74,2,24
"2011-01-01",2011,1,"Entre Ríos",1,1268744,121.875886307279,73.246511274991,40.3133217311567,58.7415356847652,74.0122032727179,40.0462542620241,41.0540970320814,3.29,3.37,2.41,2.68,2.38,3,3.19,-1.54,-1.6,-1.64,-1.69,-1.6,-1.39,-1.07,-0.69,-0.22,0.38,0.9,1.25,1.52,3,25
"2011-02-01",2011,2,"Entre Ríos",2,1268744,134.27835214651,121.875886307279,73.246511274991,40.3133217311567,58.7415356847652,74.0122032727179,40.0462542620241,3.76,3.29,3.37,2.41,2.68,2.38,3,-1.11,-1.54,-1.6,-1.64,-1.69,-1.6,-1.39,-1.07,-0.69,-0.22,0.38,0.9,1.25,3,26
"2011-03-01",2011,3,"Entre Ríos",1,1268744,97.916712946221,134.27835214651,121.875886307279,73.246511274991,40.3133217311567,58.7415356847652,74.0122032727179,4.35,3.76,3.29,3.37,2.41,2.68,2.38,-0.93,-1.11,-1.54,-1.6,-1.64,-1.69,-1.6,-1.39,-1.07,-0.69,-0.22,0.38,0.9,3,27
"2011-04-01",2011,4,"Entre Ríos",3,1268744,116.239664591621,97.916712946221,134.27835214651,121.875886307279,73.246511274991,40.3133217311567,58.7415356847652,4.81,4.35,3.76,3.29,3.37,2.41,2.68,-0.77,-0.93,-1.11,-1.54,-1.6,-1.64,-1.69,-1.6,-1.39,-1.07,-0.69,-0.22,0.38,3,28
"2011-05-01",2011,5,"Entre Ríos",1,1268744,101.161437077026,116.239664591621,97.916712946221,134.27835214651,121.875886307279,73.246511274991,40.3133217311567,4.76,4.81,4.35,3.76,3.29,3.37,2.41,-0.52,-0.77,-0.93,-1.11,-1.54,-1.6,-1.64,-1.69,-1.6,-1.39,-1.07,-0.69,-0.22,3,29
"2011-06-01",2011,6,"Entre Ríos",1,1268744,49.9596738260061,101.161437077026,116.239664591621,97.916712946221,134.27835214651,121.875886307279,73.246511274991,3.39,4.76,4.81,4.35,3.76,3.29,3.37,-0.38,-0.52,-0.77,-0.93,-1.11,-1.54,-1.6,-1.64,-1.69,-1.6,-1.39,-1.07,-0.69,3,30
"2011-07-01",2011,7,"Entre Ríos",0,1268744,52.63668182053,49.9596738260061,101.161437077026,116.239664591621,97.916712946221,134.27835214651,121.875886307279,3.1,3.39,4.76,4.81,4.35,3.76,3.29,-0.43,-0.38,-0.52,-0.77,-0.93,-1.11,-1.54,-1.6,-1.64,-1.69,-1.6,-1.39,-1.07,3,31
"2011-08-01",2011,8,"Entre Ríos",0,1268744,45.1433832076251,52.63668182053,49.9596738260061,101.161437077026,116.239664591621,97.916712946221,134.27835214651,3.8,3.1,3.39,4.76,4.81,4.35,3.76,-0.65,-0.43,-0.38,-0.52,-0.77,-0.93,-1.11,-1.54,-1.6,-1.64,-1.69,-1.6,-1.39,3,32
"2011-09-01",2011,9,"Entre Ríos",0,1268744,40.2107651624735,45.1433832076251,52.63668182053,49.9596738260061,101.161437077026,116.239664591621,97.916712946221,3.96,3.8,3.1,3.39,4.76,4.81,4.35,-0.8,-0.65,-0.43,-0.38,-0.52,-0.77,-0.93,-1.11,-1.54,-1.6,-1.64,-1.69,-1.6,3,33
"2011-10-01",2011,10,"Entre Ríos",0,1268744,147.402827465516,40.2107651624735,45.1433832076251,52.63668182053,49.9596738260061,101.161437077026,116.239664591621,3.63,3.96,3.8,3.1,3.39,4.76,4.81,-1.05,-0.8,-0.65,-0.43,-0.38,-0.52,-0.77,-0.93,-1.11,-1.54,-1.6,-1.64,-1.69,3,34
"2011-11-01",2011,11,"Entre Ríos",0,1268744,131.835810365759,147.402827465516,40.2107651624735,45.1433832076251,52.63668182053,49.9596738260061,101.161437077026,3.64,3.63,3.96,3.8,3.1,3.39,4.76,-1.19,-1.05,-0.8,-0.65,-0.43,-0.38,-0.52,-0.77,-0.93,-1.11,-1.54,-1.6,-1.64,3,35
"2011-12-01",2011,12,"Entre Ríos",0,1268744,52.3499460789379,131.835810365759,147.402827465516,40.2107651624735,45.1433832076251,52.63668182053,49.9596738260061,3.33,3.64,3.63,3.96,3.8,3.1,3.39,-1.06,-1.19,-1.05,-0.8,-0.65,-0.43,-0.38,-0.52,-0.77,-0.93,-1.11,-1.54,-1.6,3,36
"2012-01-01",2012,1,"Entre Ríos",0,1281931,54.1332124683577,52.3499460789379,131.835810365759,147.402827465516,40.2107651624735,45.1433832076251,52.63668182053,2.47,3.33,3.64,3.63,3.96,3.8,3.1,-0.87,-1.06,-1.19,-1.05,-0.8,-0.65,-0.43,-0.38,-0.52,-0.77,-0.93,-1.11,-1.54,4,37
"2012-02-01",2012,2,"Entre Ríos",1,1281931,255.506252583045,54.1332124683577,52.3499460789379,131.835810365759,147.402827465516,40.2107651624735,45.1433832076251,2.67,2.47,3.33,3.64,3.63,3.96,3.8,-0.67,-0.87,-1.06,-1.19,-1.05,-0.8,-0.65,-0.43,-0.38,-0.52,-0.77,-0.93,-1.11,4,38
"2012-03-01",2012,3,"Entre Ríos",0,1281931,117.083256380121,255.506252583045,54.1332124683577,52.3499460789379,131.835810365759,147.402827465516,40.2107651624735,2.35,2.67,2.47,3.33,3.64,3.63,3.96,-0.61,-0.67,-0.87,-1.06,-1.19,-1.05,-0.8,-0.65,-0.43,-0.38,-0.52,-0.77,-0.93,4,39
"2012-04-01",2012,4,"Entre Ríos",0,1281931,50.4681316836287,117.083256380121,255.506252583045,54.1332124683577,52.3499460789379,131.835810365759,147.402827465516,2.62,2.35,2.67,2.47,3.33,3.64,3.63,-0.5,-0.61,-0.67,-0.87,-1.06,-1.19,-1.05,-0.8,-0.65,-0.43,-0.38,-0.52,-0.77,4,40
"2012-05-01",2012,5,"Entre Ríos",0,1281931,76.6030392751976,50.4681316836287,117.083256380121,255.506252583045,54.1332124683577,52.3499460789379,131.835810365759,2.96,2.62,2.35,2.67,2.47,3.33,3.64,-0.32,-0.5,-0.61,-0.67,-0.87,-1.06,-1.19,-1.05,-0.8,-0.65,-0.43,-0.38,-0.52,4,41
"2012-06-01",2012,6,"Entre Ríos",1,1281931,15.0501449733946,76.6030392751976,50.4681316836287,117.083256380121,255.506252583045,54.1332124683577,52.3499460789379,3.31,2.96,2.62,2.35,2.67,2.47,3.33,0.02,-0.32,-0.5,-0.61,-0.67,-0.87,-1.06,-1.19,-1.05,-0.8,-0.65,-0.43,-0.38,4,42
"2012-07-01",2012,7,"Entre Ríos",0,1281931,13.5115010073875,15.0501449733946,76.6030392751976,50.4681316836287,117.083256380121,255.506252583045,54.1332124683577,3.76,3.31,2.96,2.62,2.35,2.67,2.47,0.25,0.02,-0.32,-0.5,-0.61,-0.67,-0.87,-1.06,-1.19,-1.05,-0.8,-0.65,-0.43,4,43
"2012-08-01",2012,8,"Entre Ríos",0,1281931,161.300695484838,13.5115010073875,15.0501449733946,76.6030392751976,50.4681316836287,117.083256380121,255.506252583045,3.21,3.76,3.31,2.96,2.62,2.35,2.67,0.47,0.25,0.02,-0.32,-0.5,-0.61,-0.67,-0.87,-1.06,-1.19,-1.05,-0.8,-0.65,4,44
"2012-09-01",2012,9,"Entre Ríos",0,1281931,88.7905828640802,161.300695484838,13.5115010073875,15.0501449733946,76.6030392751976,50.4681316836287,117.083256380121,2.6,3.21,3.76,3.31,2.96,2.62,2.35,0.38,0.47,0.25,0.02,-0.32,-0.5,-0.61,-0.67,-0.87,-1.06,-1.19,-1.05,-0.8,4,45
"2012-10-01",2012,10,"Entre Ríos",0,1281931,343.44926092628,88.7905828640802,161.300695484838,13.5115010073875,15.0501449733946,76.6030392751976,50.4681316836287,2.55,2.6,3.21,3.76,3.31,2.96,2.62,0.26,0.38,0.47,0.25,0.02,-0.32,-0.5,-0.61,-0.67,-0.87,-1.06,-1.19,-1.05,4,46
"2012-11-01",2012,11,"Entre Ríos",0,1281931,82.9871380508343,343.44926092628,88.7905828640802,161.300695484838,13.5115010073875,15.0501449733946,76.6030392751976,2.84,2.55,2.6,3.21,3.76,3.31,2.96,0.16,0.26,0.38,0.47,0.25,0.02,-0.32,-0.5,-0.61,-0.67,-0.87,-1.06,-1.19,4,47
"2012-12-01",2012,12,"Entre Ríos",0,1281931,242.96118006406,82.9871380508343,343.44926092628,88.7905828640802,161.300695484838,13.5115010073875,15.0501449733946,2.78,2.84,2.55,2.6,3.21,3.76,3.31,-0.25,0.16,0.26,0.38,0.47,0.25,0.02,-0.32,-0.5,-0.61,-0.67,-0.87,-1.06,4,48
"2013-01-01",2013,1,"Entre Ríos",1,1295121,49.5150139484424,242.96118006406,82.9871380508343,343.44926092628,88.7905828640802,161.300695484838,13.5115010073875,2.92,2.78,2.84,2.55,2.6,3.21,3.76,-0.53,-0.25,0.16,0.26,0.38,0.47,0.25,0.02,-0.32,-0.5,-0.61,-0.67,-0.87,5,49
"2013-02-01",2013,2,"Entre Ríos",0,1295121,108.781014297153,49.5150139484424,242.96118006406,82.9871380508343,343.44926092628,88.7905828640802,161.300695484838,2.62,2.92,2.78,2.84,2.55,2.6,3.21,-0.52,-0.53,-0.25,0.16,0.26,0.38,0.47,0.25,0.02,-0.32,-0.5,-0.61,-0.67,5,50
"2013-03-01",2013,3,"Entre Ríos",1,1295121,89.3254071524513,108.781014297153,49.5150139484424,242.96118006406,82.9871380508343,343.44926092628,88.7905828640802,3.49,2.62,2.92,2.78,2.84,2.55,2.6,-0.25,-0.52,-0.53,-0.25,0.16,0.26,0.38,0.47,0.25,0.02,-0.32,-0.5,-0.61,5,51
"2013-04-01",2013,4,"Entre Ríos",0,1295121,129.963314304903,89.3254071524513,108.781014297153,49.5150139484424,242.96118006406,82.9871380508343,343.44926092628,3.62,3.49,2.62,2.92,2.78,2.84,2.55,-0.25,-0.25,-0.52,-0.53,-0.25,0.16,0.26,0.38,0.47,0.25,0.02,-0.32,-0.5,5,52
"2013-05-01",2013,5,"Entre Ríos",0,1295121,107.412426706101,129.963314304903,89.3254071524513,108.781014297153,49.5150139484424,242.96118006406,82.9871380508343,3.87,3.62,3.49,2.62,2.92,2.78,2.84,-0.4,-0.25,-0.25,-0.52,-0.53,-0.25,0.16,0.26,0.38,0.47,0.25,0.02,-0.32,5,53
"2013-06-01",2013,6,"Entre Ríos",0,1295121,21.4027967918582,107.412426706101,129.963314304903,89.3254071524513,108.781014297153,49.5150139484424,242.96118006406,3.39,3.87,3.62,3.49,2.62,2.92,2.78,-0.42,-0.4,-0.25,-0.25,-0.52,-0.53,-0.25,0.16,0.26,0.38,0.47,0.25,0.02,5,54
"2013-07-01",2013,7,"Entre Ríos",0,1295121,22.2246942320608,21.4027967918582,107.412426706101,129.963314304903,89.3254071524513,108.781014297153,49.5150139484424,4.99,3.39,3.87,3.62,3.49,2.62,2.92,-0.39,-0.42,-0.4,-0.25,-0.25,-0.52,-0.53,-0.25,0.16,0.26,0.38,0.47,0.25,5,55
"2013-08-01",2013,8,"Entre Ríos",0,1295121,11.6513712739577,22.2246942320608,21.4027967918582,107.412426706101,129.963314304903,89.3254071524513,108.781014297153,4.8,4.99,3.39,3.87,3.62,3.49,2.62,-0.38,-0.39,-0.42,-0.4,-0.25,-0.25,-0.52,-0.53,-0.25,0.16,0.26,0.38,0.47,5,56
"2013-09-01",2013,9,"Entre Ríos",0,1295121,59.2290854083794,11.6513712739577,22.2246942320608,21.4027967918582,107.412426706101,129.963314304903,89.3254071524513,2.88,4.8,4.99,3.39,3.87,3.62,3.49,-0.18,-0.38,-0.39,-0.42,-0.4,-0.25,-0.25,-0.52,-0.53,-0.25,0.16,0.26,0.38,5,57
"2013-10-01",2013,10,"Entre Ríos",0,1295121,165.133415883143,59.2290854083794,11.6513712739577,22.2246942320608,21.4027967918582,107.412426706101,129.963314304903,2.7,2.88,4.8,4.99,3.39,3.87,3.62,-0.2,-0.18,-0.38,-0.39,-0.42,-0.4,-0.25,-0.25,-0.52,-0.53,-0.25,0.16,0.26,5,58
"2013-11-01",2013,11,"Entre Ríos",0,1295121,184.063358862427,165.133415883143,59.2290854083794,11.6513712739577,22.2246942320608,21.4027967918582,107.412426706101,3.11,2.7,2.88,4.8,4.99,3.39,3.87,-0.14,-0.2,-0.18,-0.38,-0.39,-0.42,-0.4,-0.25,-0.25,-0.52,-0.53,-0.25,0.16,5,59
"2013-12-01",2013,12,"Entre Ríos",1,1295121,55.8673138270393,184.063358862427,165.133415883143,59.2290854083794,11.6513712739577,22.2246942320608,21.4027967918582,2.91,3.11,2.7,2.88,4.8,4.99,3.39,-0.17,-0.14,-0.2,-0.18,-0.38,-0.39,-0.42,-0.4,-0.25,-0.25,-0.52,-0.53,-0.25,5,60
"2014-01-01",2014,1,"Entre Ríos",3,1308290,150.949212494188,55.8673138270393,184.063358862427,165.133415883143,59.2290854083794,11.6513712739577,22.2246942320608,2.67,2.91,3.11,2.7,2.88,4.8,4.99,-0.49,-0.17,-0.14,-0.2,-0.18,-0.38,-0.39,-0.42,-0.4,-0.25,-0.25,-0.52,-0.53,6,61
"2014-02-01",2014,2,"Entre Ríos",3,1308290,230.359852056104,150.949212494188,55.8673138270393,184.063358862427,165.133415883143,59.2290854083794,11.6513712739577,3.09,2.67,2.91,3.11,2.7,2.88,4.8,-0.62,-0.49,-0.17,-0.14,-0.2,-0.18,-0.38,-0.39,-0.42,-0.4,-0.25,-0.25,-0.52,6,62
"2014-03-01",2014,3,"Entre Ríos",3,1308290,166.027213992354,230.359852056104,150.949212494188,55.8673138270393,184.063358862427,165.133415883143,59.2290854083794,3.15,3.09,2.67,2.91,3.11,2.7,2.88,-0.28,-0.62,-0.49,-0.17,-0.14,-0.2,-0.18,-0.38,-0.39,-0.42,-0.4,-0.25,-0.25,6,63
"2014-04-01",2014,4,"Entre Ríos",2,1308290,231.656404982694,166.027213992354,230.359852056104,150.949212494188,55.8673138270393,184.063358862427,165.133415883143,3.58,3.15,3.09,2.67,2.91,3.11,2.7,0.08,-0.28,-0.62,-0.49,-0.17,-0.14,-0.2,-0.18,-0.38,-0.39,-0.42,-0.4,-0.25,6,64
"2014-05-01",2014,5,"Entre Ríos",2,1308290,68.8558870821925,231.656404982694,166.027213992354,230.359852056104,150.949212494188,55.8673138270393,184.063358862427,3.98,3.58,3.15,3.09,2.67,2.91,3.11,0.32,0.08,-0.28,-0.62,-0.49,-0.17,-0.14,-0.2,-0.18,-0.38,-0.39,-0.42,-0.4,6,65
"2014-06-01",2014,6,"Entre Ríos",2,1308290,38.2205532882162,68.8558870821925,231.656404982694,166.027213992354,230.359852056104,150.949212494188,55.8673138270393,4.37,3.98,3.58,3.15,3.09,2.67,2.91,0.23,0.32,0.08,-0.28,-0.62,-0.49,-0.17,-0.14,-0.2,-0.18,-0.38,-0.39,-0.42,6,66
"2014-07-01",2014,7,"Entre Ríos",2,1308290,107.464767267655,38.2205532882162,68.8558870821925,231.656404982694,166.027213992354,230.359852056104,150.949212494188,5.24,4.37,3.98,3.58,3.15,3.09,2.67,-0.06,0.23,0.32,0.08,-0.28,-0.62,-0.49,-0.17,-0.14,-0.2,-0.18,-0.38,-0.39,6,67
"2014-08-01",2014,8,"Entre Ríos",0,1308290,4.9221712429612,107.464767267655,38.2205532882162,68.8558870821925,231.656404982694,166.027213992354,230.359852056104,4.92,5.24,4.37,3.98,3.58,3.15,3.09,-0.03,-0.06,0.23,0.32,0.08,-0.28,-0.62,-0.49,-0.17,-0.14,-0.2,-0.18,-0.38,6,68
"2014-09-01",2014,9,"Entre Ríos",0,1308290,94.5554273002015,4.9221712429612,107.464767267655,38.2205532882162,68.8558870821925,231.656404982694,166.027213992354,4.39,4.92,5.24,4.37,3.98,3.58,3.15,0.29,-0.03,-0.06,0.23,0.32,0.08,-0.28,-0.62,-0.49,-0.17,-0.14,-0.2,-0.18,6,69
"2014-10-01",2014,10,"Entre Ríos",0,1308290,126.865547670094,94.5554273002015,4.9221712429612,107.464767267655,38.2205532882162,68.8558870821925,231.656404982694,3.96,4.39,4.92,5.24,4.37,3.98,3.58,0.44,0.29,-0.03,-0.06,0.23,0.32,0.08,-0.28,-0.62,-0.49,-0.17,-0.14,-0.2,6,70
"2014-11-01",2014,11,"Entre Ríos",1,1308290,136.961548147957,126.865547670094,94.5554273002015,4.9221712429612,107.464767267655,38.2205532882162,68.8558870821925,3.62,3.96,4.39,4.92,5.24,4.37,3.98,0.75,0.44,0.29,-0.03,-0.06,0.23,0.32,0.08,-0.28,-0.62,-0.49,-0.17,-0.14,6,71
"2014-12-01",2014,12,"Entre Ríos",2,1308290,162.882534419073,136.961548147957,126.865547670094,94.5554273002015,4.9221712429612,107.464767267655,38.2205532882162,3.38,3.62,3.96,4.39,4.92,5.24,4.37,0.71,0.75,0.44,0.29,-0.03,-0.06,0.23,0.32,0.08,-0.28,-0.62,-0.49,-0.17,6,72
"2015-01-01",2015,1,"Entre Ríos",2,1321415,226.741521155138,162.882534419073,136.961548147957,126.865547670094,94.5554273002015,4.9221712429612,107.464767267655,4.29,3.38,3.62,3.96,4.39,4.92,5.24,0.51,0.71,0.75,0.44,0.29,-0.03,-0.06,0.23,0.32,0.08,-0.28,-0.62,-0.49,7,73
"2015-02-01",2015,2,"Entre Ríos",5,1321415,124.724792710647,226.741521155138,162.882534419073,136.961548147957,126.865547670094,94.5554273002015,4.9221712429612,4.23,4.29,3.38,3.62,3.96,4.39,4.92,0.42,0.51,0.71,0.75,0.44,0.29,-0.03,-0.06,0.23,0.32,0.08,-0.28,-0.62,7,74
"2015-03-01",2015,3,"Entre Ríos",9,1321415,101.622323319729,124.724792710647,226.741521155138,162.882534419073,136.961548147957,126.865547670094,94.5554273002015,3.73,4.23,4.29,3.38,3.62,3.96,4.39,0.47,0.42,0.51,0.71,0.75,0.44,0.29,-0.03,-0.06,0.23,0.32,0.08,-0.28,7,75
"2015-04-01",2015,4,"Entre Ríos",1,1321415,43.0212455442476,101.622323319729,124.724792710647,226.741521155138,162.882534419073,136.961548147957,126.865547670094,3.24,3.73,4.23,4.29,3.38,3.62,3.96,0.7,0.47,0.42,0.51,0.71,0.75,0.44,0.29,-0.03,-0.06,0.23,0.32,0.08,7,76
"2015-05-01",2015,5,"Entre Ríos",2,1321415,77.3319632432712,43.0212455442476,101.622323319729,124.724792710647,226.741521155138,162.882534419073,136.961548147957,2.98,3.24,3.73,4.23,4.29,3.38,3.62,0.92,0.7,0.47,0.42,0.51,0.71,0.75,0.44,0.29,-0.03,-0.06,0.23,0.32,7,77
"2015-06-01",2015,6,"Entre Ríos",0,1321415,40.4531919977269,77.3319632432712,43.0212455442476,101.622323319729,124.724792710647,226.741521155138,162.882534419073,3.32,2.98,3.24,3.73,4.23,4.29,3.38,1.18,0.92,0.7,0.47,0.42,0.51,0.71,0.75,0.44,0.29,-0.03,-0.06,0.23,7,78
"2015-07-01",2015,7,"Entre Ríos",1,1321415,23.9429776695769,40.4531919977269,77.3319632432712,43.0212455442476,101.622323319729,124.724792710647,226.741521155138,4.11,3.32,2.98,3.24,3.73,4.23,4.29,1.46,1.18,0.92,0.7,0.47,0.42,0.51,0.71,0.75,0.44,0.29,-0.03,-0.06,7,79
"2015-08-01",2015,8,"Entre Ríos",1,1321415,180.107948674898,23.9429776695769,40.4531919977269,77.3319632432712,43.0212455442476,101.622323319729,124.724792710647,4.46,4.11,3.32,2.98,3.24,3.73,4.23,1.93,1.46,1.18,0.92,0.7,0.47,0.42,0.51,0.71,0.75,0.44,0.29,-0.03,7,80
"2015-09-01",2015,9,"Entre Ríos",0,1321415,55.9278797721754,180.107948674898,23.9429776695769,40.4531919977269,77.3319632432712,43.0212455442476,101.622323319729,4.1,4.46,4.11,3.32,2.98,3.24,3.73,2.21,1.93,1.46,1.18,0.92,0.7,0.47,0.42,0.51,0.71,0.75,0.44,0.29,7,81
"2015-10-01",2015,10,"Entre Ríos",1,1321415,112.473370421553,55.9278797721754,180.107948674898,23.9429776695769,40.4531919977269,77.3319632432712,43.0212455442476,3.05,4.1,4.46,4.11,3.32,2.98,3.24,2.36,2.21,1.93,1.46,1.18,0.92,0.7,0.47,0.42,0.51,0.71,0.75,0.44,7,82
"2015-11-01",2015,11,"Entre Ríos",1,1321415,114.729582644521,112.473370421553,55.9278797721754,180.107948674898,23.9429776695769,40.4531919977269,77.3319632432712,3.9,3.05,4.1,4.46,4.11,3.32,2.98,2.72,2.36,2.21,1.93,1.46,1.18,0.92,0.7,0.47,0.42,0.51,0.71,0.75,7,83
"2015-12-01",2015,12,"Entre Ríos",3,1321415,197.725432014258,114.729582644521,112.473370421553,55.9278797721754,180.107948674898,23.9429776695769,40.4531919977269,5.94,3.9,3.05,4.1,4.46,4.11,3.32,2.66,2.72,2.36,2.21,1.93,1.46,1.18,0.92,0.7,0.47,0.42,0.51,0.71,7,84
"2016-01-01",2016,1,"Entre Ríos",5,1334489,52.3126630547089,197.725432014258,114.729582644521,112.473370421553,55.9278797721754,180.107948674898,23.9429776695769,6.23,5.94,3.9,3.05,4.1,4.46,4.11,2.57,2.66,2.72,2.36,2.21,1.93,1.46,1.18,0.92,0.7,0.47,0.42,0.51,8,85
"2016-02-01",2016,2,"Entre Ríos",4,1334489,274.182831146355,52.3126630547089,197.725432014258,114.729582644521,112.473370421553,55.9278797721754,180.107948674898,5.94,6.23,5.94,3.9,3.05,4.1,4.46,2.26,2.57,2.66,2.72,2.36,2.21,1.93,1.46,1.18,0.92,0.7,0.47,0.42,8,86
"2016-03-01",2016,3,"Entre Ríos",7,1334489,81.484138489952,274.182831146355,52.3126630547089,197.725432014258,114.729582644521,112.473370421553,55.9278797721754,5.52,5.94,6.23,5.94,3.9,3.05,4.1,1.62,2.26,2.57,2.66,2.72,2.36,2.21,1.93,1.46,1.18,0.92,0.7,0.47,8,87
"2016-04-01",2016,4,"Entre Ríos",15,1334489,354.930637172599,81.484138489952,274.182831146355,52.3126630547089,197.725432014258,114.729582644521,112.473370421553,5.9,5.52,5.94,6.23,5.94,3.9,3.05,0.91,1.62,2.26,2.57,2.66,2.72,2.36,2.21,1.93,1.46,1.18,0.92,0.7,8,88
"2016-05-01",2016,5,"Entre Ríos",5,1334489,26.9015843751614,354.930637172599,81.484138489952,274.182831146355,52.3126630547089,197.725432014258,114.729582644521,5.53,5.9,5.52,5.94,6.23,5.94,3.9,0.3,0.91,1.62,2.26,2.57,2.66,2.72,2.36,2.21,1.93,1.46,1.18,0.92,8,89
"2016-06-01",2016,6,"Entre Ríos",5,1334489,47.4744682156326,26.9015843751614,354.930637172599,81.484138489952,274.182831146355,52.3126630547089,197.725432014258,4.34,5.53,5.9,5.52,5.94,6.23,5.94,-0.03,0.3,0.91,1.62,2.26,2.57,2.66,2.72,2.36,2.21,1.93,1.46,1.18,8,90
"2016-07-01",2016,7,"Entre Ríos",4,1334489,53.5783421372113,47.4744682156326,26.9015843751614,354.930637172599,81.484138489952,274.182831146355,52.3126630547089,4.35,4.34,5.53,5.9,5.52,5.94,6.23,-0.48,-0.03,0.3,0.91,1.62,2.26,2.57,2.66,2.72,2.36,2.21,1.93,1.46,8,91
"2016-08-01",2016,8,"Entre Ríos",0,1334489,19.0225935708013,53.5783421372113,47.4744682156326,26.9015843751614,354.930637172599,81.484138489952,274.182831146355,3.6,4.35,4.34,5.53,5.9,5.52,5.94,-0.58,-0.48,-0.03,0.3,0.91,1.62,2.26,2.57,2.66,2.72,2.36,2.21,1.93,8,92
"2016-09-01",2016,9,"Entre Ríos",1,1334489,40.5128183602831,19.0225935708013,53.5783421372113,47.4744682156326,26.9015843751614,354.930637172599,81.484138489952,3.3,3.6,4.35,4.34,5.53,5.9,5.52,-0.58,-0.58,-0.48,-0.03,0.3,0.91,1.62,2.26,2.57,2.66,2.72,2.36,2.21,8,93
"2016-10-01",2016,10,"Entre Ríos",0,1334489,181.33008892132,40.5128183602831,19.0225935708013,53.5783421372113,47.4744682156326,26.9015843751614,354.930637172599,3.27,3.3,3.6,4.35,4.34,5.53,5.9,-0.74,-0.58,-0.58,-0.48,-0.03,0.3,0.91,1.62,2.26,2.57,2.66,2.72,2.36,8,94
"2016-11-01",2016,11,"Entre Ríos",1,1334489,97.9199756548019,181.33008892132,40.5128183602831,19.0225935708013,53.5783421372113,47.4744682156326,26.9015843751614,3.44,3.27,3.3,3.6,4.35,4.34,5.53,-0.76,-0.74,-0.58,-0.58,-0.48,-0.03,0.3,0.91,1.62,2.26,2.57,2.66,2.72,8,95
"2016-12-01",2016,12,"Entre Ríos",0,1334489,198.978105465723,97.9199756548019,181.33008892132,40.5128183602831,19.0225935708013,53.5783421372113,47.4744682156326,3.56,3.44,3.27,3.3,3.6,4.35,4.34,-0.5,-0.76,-0.74,-0.58,-0.58,-0.48,-0.03,0.3,0.91,1.62,2.26,2.57,2.66,8,96
"2017-01-01",2017,1,"Entre Ríos",8,1347508,146.134600854988,198.978105465723,97.9199756548019,181.33008892132,40.5128183602831,19.0225935708013,53.5783421372113,3.86,3.56,3.44,3.27,3.3,3.6,4.35,-0.43,-0.5,-0.76,-0.74,-0.58,-0.58,-0.48,-0.03,0.3,0.91,1.62,2.26,2.57,9,97
"2017-02-01",2017,2,"Entre Ríos",2,1347508,205.972903859069,146.134600854988,198.978105465723,97.9199756548019,181.33008892132,40.5128183602831,19.0225935708013,3.47,3.86,3.56,3.44,3.27,3.3,3.6,-0.08,-0.43,-0.5,-0.76,-0.74,-0.58,-0.58,-0.48,-0.03,0.3,0.91,1.62,2.26,9,98
"2017-03-01",2017,3,"Entre Ríos",4,1347508,93.4663041793666,205.972903859069,146.134600854988,198.978105465723,97.9199756548019,181.33008892132,40.5128183602831,3.47,3.47,3.86,3.56,3.44,3.27,3.3,0.03,-0.08,-0.43,-0.5,-0.76,-0.74,-0.58,-0.58,-0.48,-0.03,0.3,0.91,1.62,9,99
"2017-04-01",2017,4,"Entre Ríos",3,1347508,156.380075683215,93.4663041793666,205.972903859069,146.134600854988,198.978105465723,97.9199756548019,181.33008892132,3.65,3.47,3.47,3.86,3.56,3.44,3.27,0.22,0.03,-0.08,-0.43,-0.5,-0.76,-0.74,-0.58,-0.58,-0.48,-0.03,0.3,0.91,9,100
"2017-05-01",2017,5,"Entre Ríos",0,1347508,129.749720708271,156.380075683215,93.4663041793666,205.972903859069,146.134600854988,198.978105465723,97.9199756548019,4.43,3.65,3.47,3.47,3.86,3.56,3.44,0.37,0.22,0.03,-0.08,-0.43,-0.5,-0.76,-0.74,-0.58,-0.58,-0.48,-0.03,0.3,9,101
"2017-06-01",2017,6,"Entre Ríos",2,1347508,18.4700770393139,129.749720708271,156.380075683215,93.4663041793666,205.972903859069,146.134600854988,198.978105465723,5.07,4.43,3.65,3.47,3.47,3.86,3.56,0.34,0.37,0.22,0.03,-0.08,-0.43,-0.5,-0.76,-0.74,-0.58,-0.58,-0.48,-0.03,9,102
"2017-07-01",2017,7,"Entre Ríos",1,1347508,53.5961054140621,18.4700770393139,129.749720708271,156.380075683215,93.4663041793666,205.972903859069,146.134600854988,5.04,5.07,4.43,3.65,3.47,3.47,3.86,0.25,0.34,0.37,0.22,0.03,-0.08,-0.43,-0.5,-0.76,-0.74,-0.58,-0.58,-0.48,9,103
"2017-08-01",2017,8,"Entre Ríos",2,1347508,175.397078576226,53.5961054140621,18.4700770393139,129.749720708271,156.380075683215,93.4663041793666,205.972903859069,3.48,5.04,5.07,4.43,3.65,3.47,3.47,-0.16,0.25,0.34,0.37,0.22,0.03,-0.08,-0.43,-0.5,-0.76,-0.74,-0.58,-0.58,9,104
"2017-09-01",2017,9,"Entre Ríos",3,1347508,149.874677119388,175.397078576226,53.5961054140621,18.4700770393139,129.749720708271,156.380075683215,93.4663041793666,2.78,3.48,5.04,5.07,4.43,3.65,3.47,-0.43,-0.16,0.25,0.34,0.37,0.22,0.03,-0.08,-0.43,-0.5,-0.76,-0.74,-0.58,9,105
"2017-10-01",2017,10,"Entre Ríos",4,1347508,110.233986736064,149.874677119388,175.397078576226,53.5961054140621,18.4700770393139,129.749720708271,156.380075683215,3.13,2.78,3.48,5.04,5.07,4.43,3.65,-0.56,-0.43,-0.16,0.25,0.34,0.37,0.22,0.03,-0.08,-0.43,-0.5,-0.76,-0.74,9,106
"2017-11-01",2017,11,"Entre Ríos",2,1347508,84.3468722555148,110.233986736064,149.874677119388,175.397078576226,53.5961054140621,18.4700770393139,129.749720708271,3.82,3.13,2.78,3.48,5.04,5.07,4.43,-0.97,-0.56,-0.43,-0.16,0.25,0.34,0.37,0.22,0.03,-0.08,-0.43,-0.5,-0.76,9,107
"2017-12-01",2017,12,"Entre Ríos",1,1347508,108.678075114945,84.3468722555148,110.233986736064,149.874677119388,175.397078576226,53.5961054140621,18.4700770393139,3.66,3.82,3.13,2.78,3.48,5.04,5.07,-0.98,-0.97,-0.56,-0.43,-0.16,0.25,0.34,0.37,0.22,0.03,-0.08,-0.43,-0.5,9,108
"2018-01-01",2018,1,"Entre Ríos",1,1360443,51.9007933176629,108.678075114945,84.3468722555148,110.233986736064,149.874677119388,175.397078576226,53.5961054140621,4,3.66,3.82,3.13,2.78,3.48,5.04,-0.98,-0.98,-0.97,-0.56,-0.43,-0.16,0.25,0.34,0.37,0.22,0.03,-0.08,-0.43,10,109
"2018-02-01",2018,2,"Entre Ríos",1,1360443,32.613899364571,51.9007933176629,108.678075114945,84.3468722555148,110.233986736064,149.874677119388,175.397078576226,4.38,4,3.66,3.82,3.13,2.78,3.48,-0.78,-0.98,-0.98,-0.97,-0.56,-0.43,-0.16,0.25,0.34,0.37,0.22,0.03,-0.08,10,110
"2018-03-01",2018,3,"Entre Ríos",0,1360443,45.0611939479258,32.613899364571,51.9007933176629,108.678075114945,84.3468722555148,110.233986736064,149.874677119388,4.26,4.38,4,3.66,3.82,3.13,2.78,-0.8,-0.78,-0.98,-0.98,-0.97,-0.56,-0.43,-0.16,0.25,0.34,0.37,0.22,0.03,10,111
"2018-04-01",2018,4,"Entre Ríos",4,1360443,178.421745040554,45.0611939479258,32.613899364571,51.9007933176629,108.678075114945,84.3468722555148,110.233986736064,4.19,4.26,4.38,4,3.66,3.82,3.13,-0.51,-0.8,-0.78,-0.98,-0.98,-0.97,-0.56,-0.43,-0.16,0.25,0.34,0.37,0.22,10,112
"2018-05-01",2018,5,"Entre Ríos",5,1360443,241.731400462365,178.421745040554,45.0611939479258,32.613899364571,51.9007933176629,108.678075114945,84.3468722555148,3.97,4.19,4.26,4.38,4,3.66,3.82,-0.2,-0.51,-0.8,-0.78,-0.98,-0.98,-0.97,-0.56,-0.43,-0.16,0.25,0.34,0.37,10,113
"2018-06-01",2018,6,"Entre Ríos",0,1360443,11.4898163455081,241.731400462365,178.421745040554,45.0611939479258,32.613899364571,51.9007933176629,108.678075114945,3.37,3.97,4.19,4.26,4.38,4,3.66,0.04,-0.2,-0.51,-0.8,-0.78,-0.98,-0.98,-0.97,-0.56,-0.43,-0.16,0.25,0.34,10,114
"2018-07-01",2018,7,"Entre Ríos",0,1360443,65.2648315208968,11.4898163455081,241.731400462365,178.421745040554,45.0611939479258,32.613899364571,51.9007933176629,2.43,3.37,3.97,4.19,4.26,4.38,4,0.12,0.04,-0.2,-0.51,-0.8,-0.78,-0.98,-0.98,-0.97,-0.56,-0.43,-0.16,0.25,10,115
"2018-08-01",2018,8,"Entre Ríos",1,1360443,61.3636862633673,65.2648315208968,11.4898163455081,241.731400462365,178.421745040554,45.0611939479258,32.613899364571,2.22,2.43,3.37,3.97,4.19,4.26,4.38,0.09,0.12,0.04,-0.2,-0.51,-0.8,-0.78,-0.98,-0.98,-0.97,-0.56,-0.43,-0.16,10,116
"2018-09-01",2018,9,"Entre Ríos",1,1360443,69.1582211861342,61.3636862633673,65.2648315208968,11.4898163455081,241.731400462365,178.421745040554,45.0611939479258,2.1,2.22,2.43,3.37,3.97,4.19,4.26,0.47,0.09,0.12,0.04,-0.2,-0.51,-0.8,-0.78,-0.98,-0.98,-0.97,-0.56,-0.43,10,117
"2018-10-01",2018,10,"Entre Ríos",0,1360443,132.725748437258,69.1582211861342,61.3636862633673,65.2648315208968,11.4898163455081,241.731400462365,178.421745040554,3.32,2.1,2.22,2.43,3.37,3.97,4.19,0.9,0.47,0.09,0.12,0.04,-0.2,-0.51,-0.8,-0.78,-0.98,-0.98,-0.97,-0.56,10,118
"2018-11-01",2018,11,"Entre Ríos",1,1360443,108.489494675699,132.725748437258,69.1582211861342,61.3636862633673,65.2648315208968,11.4898163455081,241.731400462365,4.34,3.32,2.1,2.22,2.43,3.37,3.97,0.9,0.9,0.47,0.09,0.12,0.04,-0.2,-0.51,-0.8,-0.78,-0.98,-0.98,-0.97,10,119
"2018-12-01",2018,12,"Entre Ríos",1,1360443,167.0660367535,108.489494675699,132.725748437258,69.1582211861342,61.3636862633673,65.2648315208968,11.4898163455081,4.36,4.34,3.32,2.1,2.22,2.43,3.37,0.89,0.9,0.9,0.47,0.09,0.12,0.04,-0.2,-0.51,-0.8,-0.78,-0.98,-0.98,10,120
"2019-01-01",2019,1,"Entre Ríos",0,1373270,350.575252169758,167.0660367535,108.489494675699,132.725748437258,69.1582211861342,61.3636862633673,65.2648315208968,4.9,4.36,4.34,3.32,2.1,2.22,2.43,0.65,0.89,0.9,0.9,0.47,0.09,0.12,0.04,-0.2,-0.51,-0.8,-0.78,-0.98,11,121
"2019-02-01",2019,2,"Entre Ríos",0,1373270,134.852439040141,350.575252169758,167.0660367535,108.489494675699,132.725748437258,69.1582211861342,61.3636862633673,4.9,4.9,4.36,4.34,3.32,2.1,2.22,0.71,0.65,0.89,0.9,0.9,0.47,0.09,0.12,0.04,-0.2,-0.51,-0.8,-0.78,11,122
"2019-03-01",2019,3,"Entre Ríos",0,1373270,127.578572512528,134.852439040141,350.575252169758,167.0660367535,108.489494675699,132.725748437258,69.1582211861342,3.17,4.9,4.9,4.36,4.34,3.32,2.1,0.81,0.71,0.65,0.89,0.9,0.9,0.47,0.09,0.12,0.04,-0.2,-0.51,-0.8,11,123
"2019-04-01",2019,4,"Entre Ríos",0,1373270,79.3668320891667,127.578572512528,134.852439040141,350.575252169758,167.0660367535,108.489494675699,132.725748437258,3.48,3.17,4.9,4.9,4.36,4.34,3.32,0.62,0.81,0.71,0.65,0.89,0.9,0.9,0.47,0.09,0.12,0.04,-0.2,-0.51,11,124
"2019-05-01",2019,5,"Entre Ríos",0,1373270,86.7189601952782,79.3668320891667,127.578572512528,134.852439040141,350.575252169758,167.0660367535,108.489494675699,4.35,3.48,3.17,4.9,4.9,4.36,4.34,0.55,0.62,0.81,0.71,0.65,0.89,0.9,0.9,0.47,0.09,0.12,0.04,-0.2,11,125
"2019-06-01",2019,6,"Entre Ríos",0,1373270,94.5960353489694,86.7189601952782,79.3668320891667,127.578572512528,134.852439040141,350.575252169758,167.0660367535,4.58,4.35,3.48,3.17,4.9,4.9,4.36,0.45,0.55,0.62,0.81,0.71,0.65,0.89,0.9,0.9,0.47,0.09,0.12,0.04,11,126
"2019-07-01",2019,7,"Entre Ríos",0,1373270,51.0955655576794,94.5960353489694,86.7189601952782,79.3668320891667,127.578572512528,134.852439040141,350.575252169758,4.36,4.58,4.35,3.48,3.17,4.9,4.9,0.35,0.45,0.55,0.62,0.81,0.71,0.65,0.89,0.9,0.9,0.47,0.09,0.12,11,127
"2019-08-01",2019,8,"Entre Ríos",0,1373270,55.4512773156997,51.0955655576794,94.5960353489694,86.7189601952782,79.3668320891667,127.578572512528,134.852439040141,2.92,4.36,4.58,4.35,3.48,3.17,4.9,0.04,0.35,0.45,0.55,0.62,0.81,0.71,0.65,0.89,0.9,0.9,0.47,0.09,11,128
"2019-09-01",2019,9,"Entre Ríos",0,1373270,77.1143675414579,55.4512773156997,51.0955655576794,94.5960353489694,86.7189601952782,79.3668320891667,127.578572512528,1.93,2.92,4.36,4.58,4.35,3.48,3.17,0.03,0.04,0.35,0.45,0.55,0.62,0.81,0.71,0.65,0.89,0.9,0.9,0.47,11,129
"2019-10-01",2019,10,"Entre Ríos",0,1373270,119.396007904117,77.1143675414579,55.4512773156997,51.0955655576794,94.5960353489694,86.7189601952782,79.3668320891667,1.71,1.93,2.92,4.36,4.58,4.35,3.48,0.48,0.03,0.04,0.35,0.45,0.55,0.62,0.81,0.71,0.65,0.89,0.9,0.9,11,130
"2019-11-01",2019,11,"Entre Ríos",0,1373270,94.5757224453686,119.396007904117,77.1143675414579,55.4512773156997,51.0955655576794,94.5960353489694,86.7189601952782,1.86,1.71,1.93,2.92,4.36,4.58,4.35,0.52,0.48,0.03,0.04,0.35,0.45,0.55,0.62,0.81,0.71,0.65,0.89,0.9,11,131
"2019-12-01",2019,12,"Entre Ríos",0,1373270,192.086120492587,94.5757224453686,119.396007904117,77.1143675414579,55.4512773156997,51.0955655576794,94.5960353489694,1.96,1.86,1.71,1.93,2.92,4.36,4.58,0.52,0.52,0.48,0.03,0.04,0.35,0.45,0.55,0.62,0.81,0.71,0.65,0.89,11,132
"2020-01-01",2020,1,"Entre Ríos",5,1385961,118.655210647311,192.086120492587,94.5757224453686,119.396007904117,77.1143675414579,55.4512773156997,51.0955655576794,2.4,1.96,1.86,1.71,1.93,2.92,4.36,0.6,0.52,0.52,0.48,0.03,0.04,0.35,0.45,0.55,0.62,0.81,0.71,0.65,12,133
"2020-02-01",2020,2,"Entre Ríos",5,1385961,53.2376885622772,118.655210647311,192.086120492587,94.5757224453686,119.396007904117,77.1143675414579,55.4512773156997,2.74,2.4,1.96,1.86,1.71,1.93,2.92,0.37,0.6,0.52,0.52,0.48,0.03,0.04,0.35,0.45,0.55,0.62,0.81,0.71,12,134
"2020-03-01",2020,3,"Entre Ríos",1,1385961,98.0351181097277,53.2376885622772,118.655210647311,192.086120492587,94.5757224453686,119.396007904117,77.1143675414579,2.55,2.74,2.4,1.96,1.86,1.71,1.93,0.48,0.37,0.6,0.52,0.52,0.48,0.03,0.04,0.35,0.45,0.55,0.62,0.81,12,135
"2020-04-01",2020,4,"Entre Ríos",2,1385961,103.756812780906,98.0351181097277,53.2376885622772,118.655210647311,192.086120492587,94.5757224453686,119.396007904117,1.33,2.55,2.74,2.4,1.96,1.86,1.71,0.36,0.48,0.37,0.6,0.52,0.52,0.48,0.03,0.04,0.35,0.45,0.55,0.62,12,136
"2020-05-01",2020,5,"Entre Ríos",0,1385961,63.8921255876427,103.756812780906,98.0351181097277,53.2376885622772,118.655210647311,192.086120492587,94.5757224453686,1.05,1.33,2.55,2.74,2.4,1.96,1.86,-0.27,0.36,0.48,0.37,0.6,0.52,0.52,0.48,0.03,0.04,0.35,0.45,0.55,12,137
"2020-06-01",2020,6,"Entre Ríos",4,1385961,77.6760301505915,63.8921255876427,103.756812780906,98.0351181097277,53.2376885622772,118.655210647311,192.086120492587,1.29,1.05,1.33,2.55,2.74,2.4,1.96,-0.34,-0.27,0.36,0.48,0.37,0.6,0.52,0.52,0.48,0.03,0.04,0.35,0.45,12,138
"2020-07-01",2020,7,"Entre Ríos",0,1385961,11.46324956734,77.6760301505915,63.8921255876427,103.756812780906,98.0351181097277,53.2376885622772,118.655210647311,1.49,1.29,1.05,1.33,2.55,2.74,2.4,-0.3,-0.34,-0.27,0.36,0.48,0.37,0.6,0.52,0.52,0.48,0.03,0.04,0.35,12,139
"2020-08-01",2020,8,"Entre Ríos",0,1385961,22.2064201580824,11.46324956734,77.6760301505915,63.8921255876427,103.756812780906,98.0351181097277,53.2376885622772,1.14,1.49,1.29,1.05,1.33,2.55,2.74,-0.59,-0.3,-0.34,-0.27,0.36,0.48,0.37,0.6,0.52,0.52,0.48,0.03,0.04,12,140
"2020-09-01",2020,9,"Entre Ríos",0,1385961,57.8899758485302,22.2064201580824,11.46324956734,77.6760301505915,63.8921255876427,103.756812780906,98.0351181097277,1.49,1.14,1.49,1.29,1.05,1.33,2.55,-0.83,-0.59,-0.3,-0.34,-0.27,0.36,0.48,0.37,0.6,0.52,0.52,0.48,0.03,12,141
"2020-10-01",2020,10,"Entre Ríos",0,1385961,74.2936541044583,57.8899758485302,22.2064201580824,11.46324956734,77.6760301505915,63.8921255876427,103.756812780906,1.1,1.49,1.14,1.49,1.29,1.05,1.33,-1.26,-0.83,-0.59,-0.3,-0.34,-0.27,0.36,0.48,0.37,0.6,0.52,0.52,0.48,12,142
"2020-11-01",2020,11,"Entre Ríos",0,1385961,73.9555328821615,74.2936541044583,57.8899758485302,22.2064201580824,11.46324956734,77.6760301505915,63.8921255876427,0.78,1.1,1.49,1.14,1.49,1.29,1.05,-1.42,-1.26,-0.83,-0.59,-0.3,-0.34,-0.27,0.36,0.48,0.37,0.6,0.52,0.52,12,143
"2020-12-01",2020,12,"Entre Ríos",0,1385961,135.937572648138,73.9555328821615,74.2936541044583,57.8899758485302,22.2064201580824,11.46324956734,77.6760301505915,1.28,0.78,1.1,1.49,1.14,1.49,1.29,-1.15,-1.42,-1.26,-0.83,-0.59,-0.3,-0.34,-0.27,0.36,0.48,0.37,0.6,0.52,12,144
"2009-01-01",2009,1,"Santa Fe",0,3232095.625,76.1116974732013,29.4657292591586,156.756713481022,72.177933903434,42.3471011326385,5.7313146393362,10.1753595807436,1.98,3.34,3.44,2.86,3.11,3.1,2.74,-0.89,-0.86,-0.46,-0.35,-0.25,-0.13,-0.3,-0.68,-0.84,-0.99,-1.21,-1.67,-1.68,1,1
"2009-02-01",2009,2,"Santa Fe",0,3232095.625,211.758751828832,76.1116974732013,29.4657292591586,156.756713481022,72.177933903434,42.3471011326385,5.7313146393362,2.38,1.98,3.34,3.44,2.86,3.11,3.1,-0.79,-0.89,-0.86,-0.46,-0.35,-0.25,-0.13,-0.3,-0.68,-0.84,-0.99,-1.21,-1.67,1,2
"2009-03-01",2009,3,"Santa Fe",0,3232095.625,140.137872196997,211.758751828832,76.1116974732013,29.4657292591586,156.756713481022,72.177933903434,42.3471011326385,2.82,2.38,1.98,3.34,3.44,2.86,3.11,-0.69,-0.79,-0.89,-0.86,-0.46,-0.35,-0.25,-0.13,-0.3,-0.68,-0.84,-0.99,-1.21,1,3
"2009-04-01",2009,4,"Santa Fe",0,3232095.625,40.7410122320476,140.137872196997,211.758751828832,76.1116974732013,29.4657292591586,156.756713481022,72.177933903434,2.25,2.82,2.38,1.98,3.34,3.44,2.86,-0.35,-0.69,-0.79,-0.89,-0.86,-0.46,-0.35,-0.25,-0.13,-0.3,-0.68,-0.84,-0.99,1,4
"2009-05-01",2009,5,"Santa Fe",1,3232095.625,18.9380197173025,40.7410122320476,140.137872196997,211.758751828832,76.1116974732013,29.4657292591586,156.756713481022,1.77,2.25,2.82,2.38,1.98,3.34,3.44,0.06,-0.35,-0.69,-0.79,-0.89,-0.86,-0.46,-0.35,-0.25,-0.13,-0.3,-0.68,-0.84,1,5
"2009-06-01",2009,6,"Santa Fe",0,3232095.625,24.0086264132305,18.9380197173025,40.7410122320476,140.137872196997,211.758751828832,76.1116974732013,29.4657292591586,2.04,1.77,2.25,2.82,2.38,1.98,3.34,0.31,0.06,-0.35,-0.69,-0.79,-0.89,-0.86,-0.46,-0.35,-0.25,-0.13,-0.3,-0.68,1,6
"2009-07-01",2009,7,"Santa Fe",0,3232095.625,53.6861837897593,24.0086264132305,18.9380197173025,40.7410122320476,140.137872196997,211.758751828832,76.1116974732013,2.78,2.04,1.77,2.25,2.82,2.38,1.98,0.48,0.31,0.06,-0.35,-0.69,-0.79,-0.89,-0.86,-0.46,-0.35,-0.25,-0.13,-0.3,1,7
"2009-08-01",2009,8,"Santa Fe",0,3232095.625,4.80226448336615,53.6861837897593,24.0086264132305,18.9380197173025,40.7410122320476,140.137872196997,211.758751828832,3.05,2.78,2.04,1.77,2.25,2.82,2.38,0.56,0.48,0.31,0.06,-0.35,-0.69,-0.79,-0.89,-0.86,-0.46,-0.35,-0.25,-0.13,1,8
"2009-09-01",2009,9,"Santa Fe",0,3232095.625,98.2116485954293,4.80226448336615,53.6861837897593,24.0086264132305,18.9380197173025,40.7410122320476,140.137872196997,3.16,3.05,2.78,2.04,1.77,2.25,2.82,0.68,0.56,0.48,0.31,0.06,-0.35,-0.69,-0.79,-0.89,-0.86,-0.46,-0.35,-0.25,1,9
"2009-10-01",2009,10,"Santa Fe",0,3232095.625,62.3575294643799,98.2116485954293,4.80226448336615,53.6861837897593,24.0086264132305,18.9380197173025,40.7410122320476,3.51,3.16,3.05,2.78,2.04,1.77,2.25,0.89,0.68,0.56,0.48,0.31,0.06,-0.35,-0.69,-0.79,-0.89,-0.86,-0.46,-0.35,1,10
"2009-11-01",2009,11,"Santa Fe",3,3232095.625,208.702954700996,62.3575294643799,98.2116485954293,4.80226448336615,53.6861837897593,24.0086264132305,18.9380197173025,4.44,3.51,3.16,3.05,2.78,2.04,1.77,1.46,0.89,0.68,0.56,0.48,0.31,0.06,-0.35,-0.69,-0.79,-0.89,-0.86,-0.46,1,11
"2009-12-01",2009,12,"Santa Fe",4,3232095.625,247.237581077813,208.702954700996,62.3575294643799,98.2116485954293,4.80226448336615,53.6861837897593,24.0086264132305,5,4.44,3.51,3.16,3.05,2.78,2.04,1.74,1.46,0.89,0.68,0.56,0.48,0.31,0.06,-0.35,-0.69,-0.79,-0.89,-0.86,1,12
"2010-01-01",2010,1,"Santa Fe",31,3257907,165.870642058786,247.237581077813,208.702954700996,62.3575294643799,98.2116485954293,4.80226448336615,53.6861837897593,5.25,5,4.44,3.51,3.16,3.05,2.78,1.52,1.74,1.46,0.89,0.68,0.56,0.48,0.31,0.06,-0.35,-0.69,-0.79,-0.89,2,13
"2010-02-01",2010,2,"Santa Fe",70,3257907,244.261015518576,165.870642058786,247.237581077813,208.702954700996,62.3575294643799,98.2116485954293,4.80226448336615,5.68,5.25,5,4.44,3.51,3.16,3.05,1.25,1.52,1.74,1.46,0.89,0.68,0.56,0.48,0.31,0.06,-0.35,-0.69,-0.79,2,14
"2010-03-01",2010,3,"Santa Fe",31,3257907,105.060231140043,244.261015518576,165.870642058786,247.237581077813,208.702954700996,62.3575294643799,98.2116485954293,5.45,5.68,5.25,5,4.44,3.51,3.16,0.9,1.25,1.52,1.74,1.46,0.89,0.68,0.56,0.48,0.31,0.06,-0.35,-0.69,2,15
"2010-04-01",2010,4,"Santa Fe",10,3257907,82.3144524615817,105.060231140043,244.261015518576,165.870642058786,247.237581077813,208.702954700996,62.3575294643799,4.72,5.45,5.68,5.25,5,4.44,3.51,0.38,0.9,1.25,1.52,1.74,1.46,0.89,0.68,0.56,0.48,0.31,0.06,-0.35,2,16
"2010-05-01",2010,5,"Santa Fe",2,3257907,76.4793922536901,82.3144524615817,105.060231140043,244.261015518576,165.870642058786,247.237581077813,208.702954700996,4.45,4.72,5.45,5.68,5.25,5,4.44,-0.22,0.38,0.9,1.25,1.52,1.74,1.46,0.89,0.68,0.56,0.48,0.31,0.06,2,17
"2010-06-01",2010,6,"Santa Fe",1,3257907,3.99960225538006,76.4793922536901,82.3144524615817,105.060231140043,244.261015518576,165.870642058786,247.237581077813,4.26,4.45,4.72,5.45,5.68,5.25,5,-0.69,-0.22,0.38,0.9,1.25,1.52,1.74,1.46,0.89,0.68,0.56,0.48,0.31,2,18
"2010-07-01",2010,7,"Santa Fe",0,3257907,16.9460936063019,3.99960225538006,76.4793922536901,82.3144524615817,105.060231140043,244.261015518576,165.870642058786,3.42,4.26,4.45,4.72,5.45,5.68,5.25,-1.07,-0.69,-0.22,0.38,0.9,1.25,1.52,1.74,1.46,0.89,0.68,0.56,0.48,2,19
"2010-08-01",2010,8,"Santa Fe",1,3257907,14.6229713390455,16.9460936063019,3.99960225538006,76.4793922536901,82.3144524615817,105.060231140043,244.261015518576,3.06,3.42,4.26,4.45,4.72,5.45,5.68,-1.39,-1.07,-0.69,-0.22,0.38,0.9,1.25,1.52,1.74,1.46,0.89,0.68,0.56,2,20
"2010-09-01",2010,9,"Santa Fe",1,3257907,74.3046772339756,14.6229713390455,16.9460936063019,3.99960225538006,76.4793922536901,82.3144524615817,105.060231140043,2.63,3.06,3.42,4.26,4.45,4.72,5.45,-1.6,-1.39,-1.07,-0.69,-0.22,0.38,0.9,1.25,1.52,1.74,1.46,0.89,0.68,2,21
"2010-10-01",2010,10,"Santa Fe",2,3257907,42.8286406470726,74.3046772339756,14.6229713390455,16.9460936063019,3.99960225538006,76.4793922536901,82.3144524615817,2.61,2.63,3.06,3.42,4.26,4.45,4.72,-1.69,-1.6,-1.39,-1.07,-0.69,-0.22,0.38,0.9,1.25,1.52,1.74,1.46,0.89,2,22
"2010-11-01",2010,11,"Santa Fe",3,3257907,34.6958229345523,42.8286406470726,74.3046772339756,14.6229713390455,16.9460936063019,3.99960225538006,76.4793922536901,2.48,2.61,2.63,3.06,3.42,4.26,4.45,-1.64,-1.69,-1.6,-1.39,-1.07,-0.69,-0.22,0.38,0.9,1.25,1.52,1.74,1.46,2,23
"2010-12-01",2010,12,"Santa Fe",6,3257907,117.632335003674,34.6958229345523,42.8286406470726,74.3046772339756,14.6229713390455,16.9460936063019,3.99960225538006,3.1,2.48,2.61,2.63,3.06,3.42,4.26,-1.6,-1.64,-1.69,-1.6,-1.39,-1.07,-0.69,-0.22,0.38,0.9,1.25,1.52,1.74,2,24
"2011-01-01",2011,1,"Santa Fe",0,3285408,164.532483784437,117.632335003674,34.6958229345523,42.8286406470726,74.3046772339756,14.6229713390455,16.9460936063019,3.23,3.1,2.48,2.61,2.63,3.06,3.42,-1.54,-1.6,-1.64,-1.69,-1.6,-1.39,-1.07,-0.69,-0.22,0.38,0.9,1.25,1.52,3,25
"2011-02-01",2011,2,"Santa Fe",3,3285408,166.859586158861,164.532483784437,117.632335003674,34.6958229345523,42.8286406470726,74.3046772339756,14.6229713390455,3.61,3.23,3.1,2.48,2.61,2.63,3.06,-1.11,-1.54,-1.6,-1.64,-1.69,-1.6,-1.39,-1.07,-0.69,-0.22,0.38,0.9,1.25,3,26
"2011-03-01",2011,3,"Santa Fe",10,3285408,122.80392590746,166.859586158861,164.532483784437,117.632335003674,34.6958229345523,42.8286406470726,74.3046772339756,4.18,3.61,3.23,3.1,2.48,2.61,2.63,-0.93,-1.11,-1.54,-1.6,-1.64,-1.69,-1.6,-1.39,-1.07,-0.69,-0.22,0.38,0.9,3,27
"2011-04-01",2011,4,"Santa Fe",6,3285408,139.12757201185,122.80392590746,166.859586158861,164.532483784437,117.632335003674,34.6958229345523,42.8286406470726,4.65,4.18,3.61,3.23,3.1,2.48,2.61,-0.77,-0.93,-1.11,-1.54,-1.6,-1.64,-1.69,-1.6,-1.39,-1.07,-0.69,-0.22,0.38,3,28
"2011-05-01",2011,5,"Santa Fe",9,3285408,74.1794867413792,139.12757201185,122.80392590746,166.859586158861,164.532483784437,117.632335003674,34.6958229345523,4.58,4.65,4.18,3.61,3.23,3.1,2.48,-0.52,-0.77,-0.93,-1.11,-1.54,-1.6,-1.64,-1.69,-1.6,-1.39,-1.07,-0.69,-0.22,3,29
"2011-06-01",2011,6,"Santa Fe",3,3285408,30.9170385485496,74.1794867413792,139.12757201185,122.80392590746,166.859586158861,164.532483784437,117.632335003674,3.71,4.58,4.65,4.18,3.61,3.23,3.1,-0.38,-0.52,-0.77,-0.93,-1.11,-1.54,-1.6,-1.64,-1.69,-1.6,-1.39,-1.07,-0.69,3,30
"2011-07-01",2011,7,"Santa Fe",1,3285408,16.2667311834583,30.9170385485496,74.1794867413792,139.12757201185,122.80392590746,166.859586158861,164.532483784437,3.08,3.71,4.58,4.65,4.18,3.61,3.23,-0.43,-0.38,-0.52,-0.77,-0.93,-1.11,-1.54,-1.6,-1.64,-1.69,-1.6,-1.39,-1.07,3,31
"2011-08-01",2011,8,"Santa Fe",0,3285408,5.06347322553147,16.2667311834583,30.9170385485496,74.1794867413792,139.12757201185,122.80392590746,166.859586158861,3.77,3.08,3.71,4.58,4.65,4.18,3.61,-0.65,-0.43,-0.38,-0.52,-0.77,-0.93,-1.11,-1.54,-1.6,-1.64,-1.69,-1.6,-1.39,3,32
"2011-09-01",2011,9,"Santa Fe",0,3285408,13.1939354682696,5.06347322553147,16.2667311834583,30.9170385485496,74.1794867413792,139.12757201185,122.80392590746,3.98,3.77,3.08,3.71,4.58,4.65,4.18,-0.8,-0.65,-0.43,-0.38,-0.52,-0.77,-0.93,-1.11,-1.54,-1.6,-1.64,-1.69,-1.6,3,33
"2011-10-01",2011,10,"Santa Fe",1,3285408,145.484971742392,13.1939354682696,5.06347322553147,16.2667311834583,30.9170385485496,74.1794867413792,139.12757201185,3.69,3.98,3.77,3.08,3.71,4.58,4.65,-1.05,-0.8,-0.65,-0.43,-0.38,-0.52,-0.77,-0.93,-1.11,-1.54,-1.6,-1.64,-1.69,3,34
"2011-11-01",2011,11,"Santa Fe",3,3285408,102.584846116715,145.484971742392,13.1939354682696,5.06347322553147,16.2667311834583,30.9170385485496,74.1794867413792,3.71,3.69,3.98,3.77,3.08,3.71,4.58,-1.19,-1.05,-0.8,-0.65,-0.43,-0.38,-0.52,-0.77,-0.93,-1.11,-1.54,-1.6,-1.64,3,35
"2011-12-01",2011,12,"Santa Fe",3,3285408,45.8406928692606,102.584846116715,145.484971742392,13.1939354682696,5.06347322553147,16.2667311834583,30.9170385485496,3.35,3.71,3.69,3.98,3.77,3.08,3.71,-1.06,-1.19,-1.05,-0.8,-0.65,-0.43,-0.38,-0.52,-0.77,-0.93,-1.11,-1.54,-1.6,3,36
"2012-01-01",2012,1,"Santa Fe",1,3313212,99.9385451883638,45.8406928692606,102.584846116715,145.484971742392,13.1939354682696,5.06347322553147,16.2667311834583,2.4,3.35,3.71,3.69,3.98,3.77,3.08,-0.87,-1.06,-1.19,-1.05,-0.8,-0.65,-0.43,-0.38,-0.52,-0.77,-0.93,-1.11,-1.54,4,37
"2012-02-01",2012,2,"Santa Fe",2,3313212,179.975247119853,99.9385451883638,45.8406928692606,102.584846116715,145.484971742392,13.1939354682696,5.06347322553147,2.73,2.4,3.35,3.71,3.69,3.98,3.77,-0.67,-0.87,-1.06,-1.19,-1.05,-0.8,-0.65,-0.43,-0.38,-0.52,-0.77,-0.93,-1.11,4,38
"2012-03-01",2012,3,"Santa Fe",3,3313212,138.049451140435,179.975247119853,99.9385451883638,45.8406928692606,102.584846116715,145.484971742392,13.1939354682696,2.45,2.73,2.4,3.35,3.71,3.69,3.98,-0.61,-0.67,-0.87,-1.06,-1.19,-1.05,-0.8,-0.65,-0.43,-0.38,-0.52,-0.77,-0.93,4,39
"2012-04-01",2012,4,"Santa Fe",2,3313212,43.4148542209948,138.049451140435,179.975247119853,99.9385451883638,45.8406928692606,102.584846116715,145.484971742392,2.5,2.45,2.73,2.4,3.35,3.71,3.69,-0.5,-0.61,-0.67,-0.87,-1.06,-1.19,-1.05,-0.8,-0.65,-0.43,-0.38,-0.52,-0.77,4,40
"2012-05-01",2012,5,"Santa Fe",2,3313212,73.0305489342592,43.4148542209948,138.049451140435,179.975247119853,99.9385451883638,45.8406928692606,102.584846116715,3.01,2.5,2.45,2.73,2.4,3.35,3.71,-0.32,-0.5,-0.61,-0.67,-0.87,-1.06,-1.19,-1.05,-0.8,-0.65,-0.43,-0.38,-0.52,4,41
"2012-06-01",2012,6,"Santa Fe",0,3313212,2.73421593424703,73.0305489342592,43.4148542209948,138.049451140435,179.975247119853,99.9385451883638,45.8406928692606,3.08,3.01,2.5,2.45,2.73,2.4,3.35,0.02,-0.32,-0.5,-0.61,-0.67,-0.87,-1.06,-1.19,-1.05,-0.8,-0.65,-0.43,-0.38,4,42
"2012-07-01",2012,7,"Santa Fe",1,3313212,7.31010831538347,2.73421593424703,73.0305489342592,43.4148542209948,138.049451140435,179.975247119853,99.9385451883638,3.7,3.08,3.01,2.5,2.45,2.73,2.4,0.25,0.02,-0.32,-0.5,-0.61,-0.67,-0.87,-1.06,-1.19,-1.05,-0.8,-0.65,-0.43,4,43
"2012-08-01",2012,8,"Santa Fe",0,3313212,130.239242735325,7.31010831538347,2.73421593424703,73.0305489342592,43.4148542209948,138.049451140435,179.975247119853,3.35,3.7,3.08,3.01,2.5,2.45,2.73,0.47,0.25,0.02,-0.32,-0.5,-0.61,-0.67,-0.87,-1.06,-1.19,-1.05,-0.8,-0.65,4,44
"2012-09-01",2012,9,"Santa Fe",0,3313212,107.589930338671,130.239242735325,7.31010831538347,2.73421593424703,73.0305489342592,43.4148542209948,138.049451140435,2.7,3.35,3.7,3.08,3.01,2.5,2.45,0.38,0.47,0.25,0.02,-0.32,-0.5,-0.61,-0.67,-0.87,-1.06,-1.19,-1.05,-0.8,4,45
"2012-10-01",2012,10,"Santa Fe",2,3313212,271.59081480693,107.589930338671,130.239242735325,7.31010831538347,2.73421593424703,73.0305489342592,43.4148542209948,2.98,2.7,3.35,3.7,3.08,3.01,2.5,0.26,0.38,0.47,0.25,0.02,-0.32,-0.5,-0.61,-0.67,-0.87,-1.06,-1.19,-1.05,4,46
"2012-11-01",2012,11,"Santa Fe",5,3313212,88.127516925154,271.59081480693,107.589930338671,130.239242735325,7.31010831538347,2.73421593424703,73.0305489342592,2.9,2.98,2.7,3.35,3.7,3.08,3.01,0.16,0.26,0.38,0.47,0.25,0.02,-0.32,-0.5,-0.61,-0.67,-0.87,-1.06,-1.19,4,47
"2012-12-01",2012,12,"Santa Fe",1,3313212,325.247460363255,88.127516925154,271.59081480693,107.589930338671,130.239242735325,7.31010831538347,2.73421593424703,3.01,2.9,2.98,2.7,3.35,3.7,3.08,-0.25,0.16,0.26,0.38,0.47,0.25,0.02,-0.32,-0.5,-0.61,-0.67,-0.87,-1.06,4,48
"2013-01-01",2013,1,"Santa Fe",14,3341228,83.4919101918791,325.247460363255,88.127516925154,271.59081480693,107.589930338671,130.239242735325,7.31010831538347,2.93,3.01,2.9,2.98,2.7,3.35,3.7,-0.53,-0.25,0.16,0.26,0.38,0.47,0.25,0.02,-0.32,-0.5,-0.61,-0.67,-0.87,5,49
"2013-02-01",2013,2,"Santa Fe",5,3341228,94.4885051804836,83.4919101918791,325.247460363255,88.127516925154,271.59081480693,107.589930338671,130.239242735325,2.46,2.93,3.01,2.9,2.98,2.7,3.35,-0.52,-0.53,-0.25,0.16,0.26,0.38,0.47,0.25,0.02,-0.32,-0.5,-0.61,-0.67,5,50
"2013-03-01",2013,3,"Santa Fe",6,3341228,69.2002794015904,94.4885051804836,83.4919101918791,325.247460363255,88.127516925154,271.59081480693,107.589930338671,3.33,2.46,2.93,3.01,2.9,2.98,2.7,-0.25,-0.52,-0.53,-0.25,0.16,0.26,0.38,0.47,0.25,0.02,-0.32,-0.5,-0.61,5,51
"2013-04-01",2013,4,"Santa Fe",6,3341228,62.959845953322,69.2002794015904,94.4885051804836,83.4919101918791,325.247460363255,88.127516925154,271.59081480693,3.57,3.33,2.46,2.93,3.01,2.9,2.98,-0.25,-0.25,-0.52,-0.53,-0.25,0.16,0.26,0.38,0.47,0.25,0.02,-0.32,-0.5,5,52
"2013-05-01",2013,5,"Santa Fe",3,3341228,81.306142960247,62.959845953322,69.2002794015904,94.4885051804836,83.4919101918791,325.247460363255,88.127516925154,3.8,3.57,3.33,2.46,2.93,3.01,2.9,-0.4,-0.25,-0.25,-0.52,-0.53,-0.25,0.16,0.26,0.38,0.47,0.25,0.02,-0.32,5,53
"2013-06-01",2013,6,"Santa Fe",2,3341228,18.7839168788438,81.306142960247,62.959845953322,69.2002794015904,94.4885051804836,83.4919101918791,325.247460363255,3.47,3.8,3.57,3.33,2.46,2.93,3.01,-0.42,-0.4,-0.25,-0.25,-0.52,-0.53,-0.25,0.16,0.26,0.38,0.47,0.25,0.02,5,54
"2013-07-01",2013,7,"Santa Fe",2,3341228,18.7727094905041,18.7839168788438,81.306142960247,62.959845953322,69.2002794015904,94.4885051804836,83.4919101918791,4.57,3.47,3.8,3.57,3.33,2.46,2.93,-0.39,-0.42,-0.4,-0.25,-0.25,-0.52,-0.53,-0.25,0.16,0.26,0.38,0.47,0.25,5,55
"2013-08-01",2013,8,"Santa Fe",1,3341228,1.50859800623507,18.7727094905041,18.7839168788438,81.306142960247,62.959845953322,69.2002794015904,94.4885051804836,4.54,4.57,3.47,3.8,3.57,3.33,2.46,-0.38,-0.39,-0.42,-0.4,-0.25,-0.25,-0.52,-0.53,-0.25,0.16,0.26,0.38,0.47,5,56
"2013-09-01",2013,9,"Santa Fe",1,3341228,31.9378934380541,1.50859800623507,18.7727094905041,18.7839168788438,81.306142960247,62.959845953322,69.2002794015904,3.33,4.54,4.57,3.47,3.8,3.57,3.33,-0.18,-0.38,-0.39,-0.42,-0.4,-0.25,-0.25,-0.52,-0.53,-0.25,0.16,0.26,0.38,5,57
"2013-10-01",2013,10,"Santa Fe",0,3341228,124.844608833105,31.9378934380541,1.50859800623507,18.7727094905041,18.7839168788438,81.306142960247,62.959845953322,2.72,3.33,4.54,4.57,3.47,3.8,3.57,-0.2,-0.18,-0.38,-0.39,-0.42,-0.4,-0.25,-0.25,-0.52,-0.53,-0.25,0.16,0.26,5,58
"2013-11-01",2013,11,"Santa Fe",1,3341228,171.767152736735,124.844608833105,31.9378934380541,1.50859800623507,18.7727094905041,18.7839168788438,81.306142960247,3.26,2.72,3.33,4.54,4.57,3.47,3.8,-0.14,-0.2,-0.18,-0.38,-0.39,-0.42,-0.4,-0.25,-0.25,-0.52,-0.53,-0.25,0.16,5,59
"2013-12-01",2013,12,"Santa Fe",6,3341228,73.49173928307,171.767152736735,124.844608833105,31.9378934380541,1.50859800623507,18.7727094905041,18.7839168788438,3.17,3.26,2.72,3.33,4.54,4.57,3.47,-0.17,-0.14,-0.2,-0.18,-0.38,-0.39,-0.42,-0.4,-0.25,-0.25,-0.52,-0.53,-0.25,5,60
"2014-01-01",2014,1,"Santa Fe",8,3369365,99.1770710497003,73.49173928307,171.767152736735,124.844608833105,31.9378934380541,1.50859800623507,18.7727094905041,2.62,3.17,3.26,2.72,3.33,4.54,4.57,-0.49,-0.17,-0.14,-0.2,-0.18,-0.38,-0.39,-0.42,-0.4,-0.25,-0.25,-0.52,-0.53,6,61
"2014-02-01",2014,2,"Santa Fe",6,3369365,240.973461610642,99.1770710497003,73.49173928307,171.767152736735,124.844608833105,31.9378934380541,1.50859800623507,3.33,2.62,3.17,3.26,2.72,3.33,4.54,-0.62,-0.49,-0.17,-0.14,-0.2,-0.18,-0.38,-0.39,-0.42,-0.4,-0.25,-0.25,-0.52,6,62
"2014-03-01",2014,3,"Santa Fe",8,3369365,168.775803122015,240.973461610642,99.1770710497003,73.49173928307,171.767152736735,124.844608833105,31.9378934380541,2.97,3.33,2.62,3.17,3.26,2.72,3.33,-0.28,-0.62,-0.49,-0.17,-0.14,-0.2,-0.18,-0.38,-0.39,-0.42,-0.4,-0.25,-0.25,6,63
"2014-04-01",2014,4,"Santa Fe",14,3369365,117.316169392524,168.775803122015,240.973461610642,99.1770710497003,73.49173928307,171.767152736735,124.844608833105,3.83,2.97,3.33,2.62,3.17,3.26,2.72,0.08,-0.28,-0.62,-0.49,-0.17,-0.14,-0.2,-0.18,-0.38,-0.39,-0.42,-0.4,-0.25,6,64
"2014-05-01",2014,5,"Santa Fe",4,3369365,42.7456983359149,117.316169392524,168.775803122015,240.973461610642,99.1770710497003,73.49173928307,171.767152736735,4.07,3.83,2.97,3.33,2.62,3.17,3.26,0.32,0.08,-0.28,-0.62,-0.49,-0.17,-0.14,-0.2,-0.18,-0.38,-0.39,-0.42,-0.4,6,65
"2014-06-01",2014,6,"Santa Fe",6,3369365,15.2530376578257,42.7456983359149,117.316169392524,168.775803122015,240.973461610642,99.1770710497003,73.49173928307,4.22,4.07,3.83,2.97,3.33,2.62,3.17,0.23,0.32,0.08,-0.28,-0.62,-0.49,-0.17,-0.14,-0.2,-0.18,-0.38,-0.39,-0.42,6,66
"2014-07-01",2014,7,"Santa Fe",4,3369365,44.2961391695354,15.2530376578257,42.7456983359149,117.316169392524,168.775803122015,240.973461610642,99.1770710497003,5.05,4.22,4.07,3.83,2.97,3.33,2.62,-0.06,0.23,0.32,0.08,-0.28,-0.62,-0.49,-0.17,-0.14,-0.2,-0.18,-0.38,-0.39,6,67
"2014-08-01",2014,8,"Santa Fe",2,3369365,1.07060994044101,44.2961391695354,15.2530376578257,42.7456983359149,117.316169392524,168.775803122015,240.973461610642,4.92,5.05,4.22,4.07,3.83,2.97,3.33,-0.03,-0.06,0.23,0.32,0.08,-0.28,-0.62,-0.49,-0.17,-0.14,-0.2,-0.18,-0.38,6,68
"2014-09-01",2014,9,"Santa Fe",1,3369365,79.3212685065623,1.07060994044101,44.2961391695354,15.2530376578257,42.7456983359149,117.316169392524,168.775803122015,4.2,4.92,5.05,4.22,4.07,3.83,2.97,0.29,-0.03,-0.06,0.23,0.32,0.08,-0.28,-0.62,-0.49,-0.17,-0.14,-0.2,-0.18,6,69
"2014-10-01",2014,10,"Santa Fe",2,3369365,79.422930070707,79.3212685065623,1.07060994044101,44.2961391695354,15.2530376578257,42.7456983359149,117.316169392524,3.97,4.2,4.92,5.05,4.22,4.07,3.83,0.44,0.29,-0.03,-0.06,0.23,0.32,0.08,-0.28,-0.62,-0.49,-0.17,-0.14,-0.2,6,70
"2014-11-01",2014,11,"Santa Fe",3,3369365,129.951205511657,79.422930070707,79.3212685065623,1.07060994044101,44.2961391695354,15.2530376578257,42.7456983359149,3.89,3.97,4.2,4.92,5.05,4.22,4.07,0.75,0.44,0.29,-0.03,-0.06,0.23,0.32,0.08,-0.28,-0.62,-0.49,-0.17,-0.14,6,71
"2014-12-01",2014,12,"Santa Fe",5,3369365,161.018070583798,129.951205511657,79.422930070707,79.3212685065623,1.07060994044101,44.2961391695354,15.2530376578257,3.49,3.89,3.97,4.2,4.92,5.05,4.22,0.71,0.75,0.44,0.29,-0.03,-0.06,0.23,0.32,0.08,-0.28,-0.62,-0.49,-0.17,6,72
"2015-01-01",2015,1,"Santa Fe",14,3397532,195.002667596605,161.018070583798,129.951205511657,79.422930070707,79.3212685065623,1.07060994044101,44.2961391695354,4.32,3.49,3.89,3.97,4.2,4.92,5.05,0.51,0.71,0.75,0.44,0.29,-0.03,-0.06,0.23,0.32,0.08,-0.28,-0.62,-0.49,7,73
"2015-02-01",2015,2,"Santa Fe",6,3397532,126.53662873154,195.002667596605,161.018070583798,129.951205511657,79.422930070707,79.3212685065623,1.07060994044101,4.37,4.32,3.49,3.89,3.97,4.2,4.92,0.42,0.51,0.71,0.75,0.44,0.29,-0.03,-0.06,0.23,0.32,0.08,-0.28,-0.62,7,74
"2015-03-01",2015,3,"Santa Fe",34,3397532,132.134569889612,126.53662873154,195.002667596605,161.018070583798,129.951205511657,79.422930070707,79.3212685065623,4.04,4.37,4.32,3.49,3.89,3.97,4.2,0.47,0.42,0.51,0.71,0.75,0.44,0.29,-0.03,-0.06,0.23,0.32,0.08,-0.28,7,75
"2015-04-01",2015,4,"Santa Fe",7,3397532,42.5817387602132,132.134569889612,126.53662873154,195.002667596605,161.018070583798,129.951205511657,79.422930070707,3.52,4.04,4.37,4.32,3.49,3.89,3.97,0.7,0.47,0.42,0.51,0.71,0.75,0.44,0.29,-0.03,-0.06,0.23,0.32,0.08,7,76
"2015-05-01",2015,5,"Santa Fe",0,3397532,61.5920212522607,42.5817387602132,132.134569889612,126.53662873154,195.002667596605,161.018070583798,129.951205511657,3.15,3.52,4.04,4.37,4.32,3.49,3.89,0.92,0.7,0.47,0.42,0.51,0.71,0.75,0.44,0.29,-0.03,-0.06,0.23,0.32,7,77
"2015-06-01",2015,6,"Santa Fe",0,3397532,31.8719038242305,61.5920212522607,42.5817387602132,132.134569889612,126.53662873154,195.002667596605,161.018070583798,3.34,3.15,3.52,4.04,4.37,4.32,3.49,1.18,0.92,0.7,0.47,0.42,0.51,0.71,0.75,0.44,0.29,-0.03,-0.06,0.23,7,78
"2015-07-01",2015,7,"Santa Fe",0,3397532,40.3076441972079,31.8719038242305,61.5920212522607,42.5817387602132,132.134569889612,126.53662873154,195.002667596605,3.82,3.34,3.15,3.52,4.04,4.37,4.32,1.46,1.18,0.92,0.7,0.47,0.42,0.51,0.71,0.75,0.44,0.29,-0.03,-0.06,7,79
"2015-08-01",2015,8,"Santa Fe",4,3397532,134.483418484294,40.3076441972079,31.8719038242305,61.5920212522607,42.5817387602132,132.134569889612,126.53662873154,4.57,3.82,3.34,3.15,3.52,4.04,4.37,1.93,1.46,1.18,0.92,0.7,0.47,0.42,0.51,0.71,0.75,0.44,0.29,-0.03,7,80
"2015-09-01",2015,9,"Santa Fe",1,3397532,16.9622363891511,134.483418484294,40.3076441972079,31.8719038242305,61.5920212522607,42.5817387602132,132.134569889612,4.11,4.57,3.82,3.34,3.15,3.52,4.04,2.21,1.93,1.46,1.18,0.92,0.7,0.47,0.42,0.51,0.71,0.75,0.44,0.29,7,81
"2015-10-01",2015,10,"Santa Fe",0,3397532,85.4980193064865,16.9622363891511,134.483418484294,40.3076441972079,31.8719038242305,61.5920212522607,42.5817387602132,2.96,4.11,4.57,3.82,3.34,3.15,3.52,2.36,2.21,1.93,1.46,1.18,0.92,0.7,0.47,0.42,0.51,0.71,0.75,0.44,7,82
"2015-11-01",2015,11,"Santa Fe",1,3397532,121.144794400577,85.4980193064865,16.9622363891511,134.483418484294,40.3076441972079,31.8719038242305,61.5920212522607,3.74,2.96,4.11,4.57,3.82,3.34,3.15,2.72,2.36,2.21,1.93,1.46,1.18,0.92,0.7,0.47,0.42,0.51,0.71,0.75,7,83
"2015-12-01",2015,12,"Santa Fe",2,3397532,109.906712874134,121.144794400577,85.4980193064865,16.9622363891511,134.483418484294,40.3076441972079,31.8719038242305,4.94,3.74,2.96,4.11,4.57,3.82,3.34,2.66,2.72,2.36,2.21,1.93,1.46,1.18,0.92,0.7,0.47,0.42,0.51,0.71,7,84
"2016-01-01",2016,1,"Santa Fe",4,3425656,82.4349745434107,109.906712874134,121.144794400577,85.4980193064865,16.9622363891511,134.483418484294,40.3076441972079,5.84,4.94,3.74,2.96,4.11,4.57,3.82,2.57,2.66,2.72,2.36,2.21,1.93,1.46,1.18,0.92,0.7,0.47,0.42,0.51,8,85
"2016-02-01",2016,2,"Santa Fe",8,3425656,335.549969328848,82.4349745434107,109.906712874134,121.144794400577,85.4980193064865,16.9622363891511,134.483418484294,5.62,5.84,4.94,3.74,2.96,4.11,4.57,2.26,2.57,2.66,2.72,2.36,2.21,1.93,1.46,1.18,0.92,0.7,0.47,0.42,8,86
"2016-03-01",2016,3,"Santa Fe",4,3425656,72.7083873696476,335.549969328848,82.4349745434107,109.906712874134,121.144794400577,85.4980193064865,16.9622363891511,5.33,5.62,5.84,4.94,3.74,2.96,4.11,1.62,2.26,2.57,2.66,2.72,2.36,2.21,1.93,1.46,1.18,0.92,0.7,0.47,8,87
"2016-04-01",2016,4,"Santa Fe",8,3425656,282.957146471791,72.7083873696476,335.549969328848,82.4349745434107,109.906712874134,121.144794400577,85.4980193064865,5.56,5.33,5.62,5.84,4.94,3.74,2.96,0.91,1.62,2.26,2.57,2.66,2.72,2.36,2.21,1.93,1.46,1.18,0.92,0.7,8,88
"2016-05-01",2016,5,"Santa Fe",2,3425656,8.89704679288056,282.957146471791,72.7083873696476,335.549969328848,82.4349745434107,109.906712874134,121.144794400577,5.22,5.56,5.33,5.62,5.84,4.94,3.74,0.3,0.91,1.62,2.26,2.57,2.66,2.72,2.36,2.21,1.93,1.46,1.18,0.92,8,89
"2016-06-01",2016,6,"Santa Fe",2,3425656,45.3912631566171,8.89704679288056,282.957146471791,72.7083873696476,335.549969328848,82.4349745434107,109.906712874134,4.43,5.22,5.56,5.33,5.62,5.84,4.94,-0.03,0.3,0.91,1.62,2.26,2.57,2.66,2.72,2.36,2.21,1.93,1.46,1.18,8,90
"2016-07-01",2016,7,"Santa Fe",0,3425656,23.0018601563529,45.3912631566171,8.89704679288056,282.957146471791,72.7083873696476,335.549969328848,82.4349745434107,4.39,4.43,5.22,5.56,5.33,5.62,5.84,-0.48,-0.03,0.3,0.91,1.62,2.26,2.57,2.66,2.72,2.36,2.21,1.93,1.46,8,91
"2016-08-01",2016,8,"Santa Fe",4,3425656,29.1104894406273,23.0018601563529,45.3912631566171,8.89704679288056,282.957146471791,72.7083873696476,335.549969328848,3.77,4.39,4.43,5.22,5.56,5.33,5.62,-0.58,-0.48,-0.03,0.3,0.91,1.62,2.26,2.57,2.66,2.72,2.36,2.21,1.93,8,92
"2016-09-01",2016,9,"Santa Fe",2,3425656,25.2555995626677,29.1104894406273,23.0018601563529,45.3912631566171,8.89704679288056,282.957146471791,72.7083873696476,3.31,3.77,4.39,4.43,5.22,5.56,5.33,-0.58,-0.58,-0.48,-0.03,0.3,0.91,1.62,2.26,2.57,2.66,2.72,2.36,2.21,8,93
"2016-10-01",2016,10,"Santa Fe",3,3425656,167.896007755086,25.2555995626677,29.1104894406273,23.0018601563529,45.3912631566171,8.89704679288056,282.957146471791,3.17,3.31,3.77,4.39,4.43,5.22,5.56,-0.74,-0.58,-0.58,-0.48,-0.03,0.3,0.91,1.62,2.26,2.57,2.66,2.72,2.36,8,94
"2016-11-01",2016,11,"Santa Fe",2,3425656,95.6733966270136,167.896007755086,25.2555995626677,29.1104894406273,23.0018601563529,45.3912631566171,8.89704679288056,3.5,3.17,3.31,3.77,4.39,4.43,5.22,-0.76,-0.74,-0.58,-0.58,-0.48,-0.03,0.3,0.91,1.62,2.26,2.57,2.66,2.72,8,95
"2016-12-01",2016,12,"Santa Fe",4,3425656,167.719982885777,95.6733966270136,167.896007755086,25.2555995626677,29.1104894406273,23.0018601563529,45.3912631566171,3.48,3.5,3.17,3.31,3.77,4.39,4.43,-0.5,-0.76,-0.74,-0.58,-0.58,-0.48,-0.03,0.3,0.91,1.62,2.26,2.57,2.66,8,96
"2017-01-01",2017,1,"Santa Fe",3,3453674,202.931926755235,167.719982885777,95.6733966270136,167.896007755086,25.2555995626677,29.1104894406273,23.0018601563529,4.2,3.48,3.5,3.17,3.31,3.77,4.39,-0.43,-0.5,-0.76,-0.74,-0.58,-0.58,-0.48,-0.03,0.3,0.91,1.62,2.26,2.57,9,97
"2017-02-01",2017,2,"Santa Fe",2,3453674,128.114365443275,202.931926755235,167.719982885777,95.6733966270136,167.896007755086,25.2555995626677,29.1104894406273,3.55,4.2,3.48,3.5,3.17,3.31,3.77,-0.08,-0.43,-0.5,-0.76,-0.74,-0.58,-0.58,-0.48,-0.03,0.3,0.91,1.62,2.26,9,98
"2017-03-01",2017,3,"Santa Fe",3,3453674,116.663013811822,128.114365443275,202.931926755235,167.719982885777,95.6733966270136,167.896007755086,25.2555995626677,3.56,3.55,4.2,3.48,3.5,3.17,3.31,0.03,-0.08,-0.43,-0.5,-0.76,-0.74,-0.58,-0.58,-0.48,-0.03,0.3,0.91,1.62,9,99
"2017-04-01",2017,4,"Santa Fe",1,3453674,131.171764753664,116.663013811822,128.114365443275,202.931926755235,167.719982885777,95.6733966270136,167.896007755086,3.53,3.56,3.55,4.2,3.48,3.5,3.17,0.22,0.03,-0.08,-0.43,-0.5,-0.76,-0.74,-0.58,-0.58,-0.48,-0.03,0.3,0.91,9,100
"2017-05-01",2017,5,"Santa Fe",3,3453674,63.8914406945032,131.171764753664,116.663013811822,128.114365443275,202.931926755235,167.719982885777,95.6733966270136,4.29,3.53,3.56,3.55,4.2,3.48,3.5,0.37,0.22,0.03,-0.08,-0.43,-0.5,-0.76,-0.74,-0.58,-0.58,-0.48,-0.03,0.3,9,101
"2017-06-01",2017,6,"Santa Fe",2,3453674,20.610422402919,63.8914406945032,131.171764753664,116.663013811822,128.114365443275,202.931926755235,167.719982885777,4.81,4.29,3.53,3.56,3.55,4.2,3.48,0.34,0.37,0.22,0.03,-0.08,-0.43,-0.5,-0.76,-0.74,-0.58,-0.58,-0.48,-0.03,9,102
"2017-07-01",2017,7,"Santa Fe",0,3453674,35.5530526899581,20.610422402919,63.8914406945032,131.171764753664,116.663013811822,128.114365443275,202.931926755235,4.89,4.81,4.29,3.53,3.56,3.55,4.2,0.25,0.34,0.37,0.22,0.03,-0.08,-0.43,-0.5,-0.76,-0.74,-0.58,-0.58,-0.48,9,103
"2017-08-01",2017,8,"Santa Fe",1,3453674,58.4776354082344,35.5530526899581,20.610422402919,63.8914406945032,131.171764753664,116.663013811822,128.114365443275,3.93,4.89,4.81,4.29,3.53,3.56,3.55,-0.16,0.25,0.34,0.37,0.22,0.03,-0.08,-0.43,-0.5,-0.76,-0.74,-0.58,-0.58,9,104
"2017-09-01",2017,9,"Santa Fe",1,3453674,143.616916190727,58.4776354082344,35.5530526899581,20.610422402919,63.8914406945032,131.171764753664,116.663013811822,2.93,3.93,4.89,4.81,4.29,3.53,3.56,-0.43,-0.16,0.25,0.34,0.37,0.22,0.03,-0.08,-0.43,-0.5,-0.76,-0.74,-0.58,9,105
"2017-10-01",2017,10,"Santa Fe",1,3453674,60.1187265823187,143.616916190727,58.4776354082344,35.5530526899581,20.610422402919,63.8914406945032,131.171764753664,2.99,2.93,3.93,4.89,4.81,4.29,3.53,-0.56,-0.43,-0.16,0.25,0.34,0.37,0.22,0.03,-0.08,-0.43,-0.5,-0.76,-0.74,9,106
"2017-11-01",2017,11,"Santa Fe",1,3453674,66.2544077293171,60.1187265823187,143.616916190727,58.4776354082344,35.5530526899581,20.610422402919,63.8914406945032,3.69,2.99,2.93,3.93,4.89,4.81,4.29,-0.97,-0.56,-0.43,-0.16,0.25,0.34,0.37,0.22,0.03,-0.08,-0.43,-0.5,-0.76,9,107
"2017-12-01",2017,12,"Santa Fe",2,3453674,103.738447993024,66.2544077293171,60.1187265823187,143.616916190727,58.4776354082344,35.5530526899581,20.610422402919,3.66,3.69,2.99,2.93,3.93,4.89,4.81,-0.98,-0.97,-0.56,-0.43,-0.16,0.25,0.34,0.37,0.22,0.03,-0.08,-0.43,-0.5,9,108
"2018-01-01",2018,1,"Santa Fe",2,3481514,41.2733641818832,103.738447993024,66.2544077293171,60.1187265823187,143.616916190727,58.4776354082344,35.5530526899581,3.72,3.66,3.69,2.99,2.93,3.93,4.89,-0.98,-0.98,-0.97,-0.56,-0.43,-0.16,0.25,0.34,0.37,0.22,0.03,-0.08,-0.43,10,109
"2018-02-01",2018,2,"Santa Fe",2,3481514,12.1338701485193,41.2733641818832,103.738447993024,66.2544077293171,60.1187265823187,143.616916190727,58.4776354082344,4.26,3.72,3.66,3.69,2.99,2.93,3.93,-0.78,-0.98,-0.98,-0.97,-0.56,-0.43,-0.16,0.25,0.34,0.37,0.22,0.03,-0.08,10,110
"2018-03-01",2018,3,"Santa Fe",4,3481514,39.1755218997628,12.1338701485193,41.2733641818832,103.738447993024,66.2544077293171,60.1187265823187,143.616916190727,4.23,4.26,3.72,3.66,3.69,2.99,2.93,-0.8,-0.78,-0.98,-0.98,-0.97,-0.56,-0.43,-0.16,0.25,0.34,0.37,0.22,0.03,10,111
"2018-04-01",2018,4,"Santa Fe",1,3481514,168.914252748966,39.1755218997628,12.1338701485193,41.2733641818832,103.738447993024,66.2544077293171,60.1187265823187,4.23,4.23,4.26,3.72,3.66,3.69,2.99,-0.51,-0.8,-0.78,-0.98,-0.98,-0.97,-0.56,-0.43,-0.16,0.25,0.34,0.37,0.22,10,112
"2018-05-01",2018,5,"Santa Fe",7,3481514,142.636925032609,168.914252748966,39.1755218997628,12.1338701485193,41.2733641818832,103.738447993024,66.2544077293171,4.16,4.23,4.23,4.26,3.72,3.66,3.69,-0.2,-0.51,-0.8,-0.78,-0.98,-0.98,-0.97,-0.56,-0.43,-0.16,0.25,0.34,0.37,10,113
"2018-06-01",2018,6,"Santa Fe",0,3481514,4.99688704146161,142.636925032609,168.914252748966,39.1755218997628,12.1338701485193,41.2733641818832,103.738447993024,3.57,4.16,4.23,4.23,4.26,3.72,3.66,0.04,-0.2,-0.51,-0.8,-0.78,-0.98,-0.98,-0.97,-0.56,-0.43,-0.16,0.25,0.34,10,114
"2018-07-01",2018,7,"Santa Fe",1,3481514,22.9016051703066,4.99688704146161,142.636925032609,168.914252748966,39.1755218997628,12.1338701485193,41.2733641818832,2.45,3.57,4.16,4.23,4.23,4.26,3.72,0.12,0.04,-0.2,-0.51,-0.8,-0.78,-0.98,-0.98,-0.97,-0.56,-0.43,-0.16,0.25,10,115
"2018-08-01",2018,8,"Santa Fe",1,3481514,25.5422760515724,22.9016051703066,4.99688704146161,142.636925032609,168.914252748966,39.1755218997628,12.1338701485193,2.2,2.45,3.57,4.16,4.23,4.23,4.26,0.09,0.12,0.04,-0.2,-0.51,-0.8,-0.78,-0.98,-0.98,-0.97,-0.56,-0.43,-0.16,10,116
"2018-09-01",2018,9,"Santa Fe",1,3481514,28.5158485825446,25.5422760515724,22.9016051703066,4.99688704146161,142.636925032609,168.914252748966,39.1755218997628,2.24,2.2,2.45,3.57,4.16,4.23,4.23,0.47,0.09,0.12,0.04,-0.2,-0.51,-0.8,-0.78,-0.98,-0.98,-0.97,-0.56,-0.43,10,117
"2018-10-01",2018,10,"Santa Fe",3,3481514,86.6365960763333,28.5158485825446,25.5422760515724,22.9016051703066,4.99688704146161,142.636925032609,168.914252748966,3.05,2.24,2.2,2.45,3.57,4.16,4.23,0.9,0.47,0.09,0.12,0.04,-0.2,-0.51,-0.8,-0.78,-0.98,-0.98,-0.97,-0.56,10,118
"2018-11-01",2018,11,"Santa Fe",0,3481514,189.387816363363,86.6365960763333,28.5158485825446,25.5422760515724,22.9016051703066,4.99688704146161,142.636925032609,4.23,3.05,2.24,2.2,2.45,3.57,4.16,0.9,0.9,0.47,0.09,0.12,0.04,-0.2,-0.51,-0.8,-0.78,-0.98,-0.98,-0.97,10,119
"2018-12-01",2018,12,"Santa Fe",2,3481514,131.530805180764,189.387816363363,86.6365960763333,28.5158485825446,25.5422760515724,22.9016051703066,4.99688704146161,4.44,4.23,3.05,2.24,2.2,2.45,3.57,0.89,0.9,0.9,0.47,0.09,0.12,0.04,-0.2,-0.51,-0.8,-0.78,-0.98,-0.98,10,120
"2019-01-01",2019,1,"Santa Fe",13,3509113,239.579570211729,131.530805180764,189.387816363363,86.6365960763333,28.5158485825446,25.5422760515724,22.9016051703066,5.01,4.44,4.23,3.05,2.24,2.2,2.45,0.65,0.89,0.9,0.9,0.47,0.09,0.12,0.04,-0.2,-0.51,-0.8,-0.78,-0.98,11,121
"2019-02-01",2019,2,"Santa Fe",12,3509113,109.143569748627,239.579570211729,131.530805180764,189.387816363363,86.6365960763333,28.5158485825446,25.5422760515724,5.05,5.01,4.44,4.23,3.05,2.24,2.2,0.71,0.65,0.89,0.9,0.9,0.47,0.09,0.12,0.04,-0.2,-0.51,-0.8,-0.78,11,122
"2019-03-01",2019,3,"Santa Fe",8,3509113,106.860319278756,109.143569748627,239.579570211729,131.530805180764,189.387816363363,86.6365960763333,28.5158485825446,3.96,5.05,5.01,4.44,4.23,3.05,2.24,0.81,0.71,0.65,0.89,0.9,0.9,0.47,0.09,0.12,0.04,-0.2,-0.51,-0.8,11,123
"2019-04-01",2019,4,"Santa Fe",4,3509113,91.8567574570114,106.860319278756,109.143569748627,239.579570211729,131.530805180764,189.387816363363,86.6365960763333,3.63,3.96,5.05,5.01,4.44,4.23,3.05,0.62,0.81,0.71,0.65,0.89,0.9,0.9,0.47,0.09,0.12,0.04,-0.2,-0.51,11,124
"2019-05-01",2019,5,"Santa Fe",5,3509113,77.7873249246759,91.8567574570114,106.860319278756,109.143569748627,239.579570211729,131.530805180764,189.387816363363,4.36,3.63,3.96,5.05,5.01,4.44,4.23,0.55,0.62,0.81,0.71,0.65,0.89,0.9,0.9,0.47,0.09,0.12,0.04,-0.2,11,125
"2019-06-01",2019,6,"Santa Fe",4,3509113,37.7234460183056,77.7873249246759,91.8567574570114,106.860319278756,109.143569748627,239.579570211729,131.530805180764,4.6,4.36,3.63,3.96,5.05,5.01,4.44,0.45,0.55,0.62,0.81,0.71,0.65,0.89,0.9,0.9,0.47,0.09,0.12,0.04,11,126
"2019-07-01",2019,7,"Santa Fe",1,3509113,43.9961169481223,37.7234460183056,77.7873249246759,91.8567574570114,106.860319278756,109.143569748627,239.579570211729,4.52,4.6,4.36,3.63,3.96,5.05,5.01,0.35,0.45,0.55,0.62,0.81,0.71,0.65,0.89,0.9,0.9,0.47,0.09,0.12,11,127
"2019-08-01",2019,8,"Santa Fe",2,3509113,7.31124795642362,43.9961169481223,37.7234460183056,77.7873249246759,91.8567574570114,106.860319278756,109.143569748627,3.21,4.52,4.6,4.36,3.63,3.96,5.05,0.04,0.35,0.45,0.55,0.62,0.81,0.71,0.65,0.89,0.9,0.9,0.47,0.09,11,128
"2019-09-01",2019,9,"Santa Fe",0,3509113,44.7552264203264,7.31124795642362,43.9961169481223,37.7234460183056,77.7873249246759,91.8567574570114,106.860319278756,2.11,3.21,4.52,4.6,4.36,3.63,3.96,0.03,0.04,0.35,0.45,0.55,0.62,0.81,0.71,0.65,0.89,0.9,0.9,0.47,11,129
"2019-10-01",2019,10,"Santa Fe",0,3509113,67.3783384638655,44.7552264203264,7.31124795642362,43.9961169481223,37.7234460183056,77.7873249246759,91.8567574570114,2.07,2.11,3.21,4.52,4.6,4.36,3.63,0.48,0.03,0.04,0.35,0.45,0.55,0.62,0.81,0.71,0.65,0.89,0.9,0.9,11,130
"2019-11-01",2019,11,"Santa Fe",2,3509113,91.8446765710679,67.3783384638655,44.7552264203264,7.31124795642362,43.9961169481223,37.7234460183056,77.7873249246759,2.14,2.07,2.11,3.21,4.52,4.6,4.36,0.52,0.48,0.03,0.04,0.35,0.45,0.55,0.62,0.81,0.71,0.65,0.89,0.9,11,131
"2019-12-01",2019,12,"Santa Fe",2,3509113,178.122264875509,91.8446765710679,67.3783384638655,44.7552264203264,7.31124795642362,43.9961169481223,37.7234460183056,2.07,2.14,2.07,2.11,3.21,4.52,4.6,0.52,0.52,0.48,0.03,0.04,0.35,0.45,0.55,0.62,0.81,0.71,0.65,0.89,11,132
"2020-01-01",2020,1,"Santa Fe",9,3536418,87.5465856051927,178.122264875509,91.8446765710679,67.3783384638655,44.7552264203264,7.31124795642362,43.9961169481223,2.46,2.07,2.14,2.07,2.11,3.21,4.52,0.6,0.52,0.52,0.48,0.03,0.04,0.35,0.45,0.55,0.62,0.81,0.71,0.65,12,133
"2020-02-01",2020,2,"Santa Fe",8,3536418,71.2516598835336,87.5465856051927,178.122264875509,91.8446765710679,67.3783384638655,44.7552264203264,7.31124795642362,2.79,2.46,2.07,2.14,2.07,2.11,3.21,0.37,0.6,0.52,0.52,0.48,0.03,0.04,0.35,0.45,0.55,0.62,0.81,0.71,12,134
"2020-03-01",2020,3,"Santa Fe",8,3536418,93.2781765183154,71.2516598835336,87.5465856051927,178.122264875509,91.8446765710679,67.3783384638655,44.7552264203264,2.7,2.79,2.46,2.07,2.14,2.07,2.11,0.48,0.37,0.6,0.52,0.52,0.48,0.03,0.04,0.35,0.45,0.55,0.62,0.81,12,135
"2020-04-01",2020,4,"Santa Fe",6,3536418,102.435221639922,93.2781765183154,71.2516598835336,87.5465856051927,178.122264875509,91.8446765710679,67.3783384638655,1.64,2.7,2.79,2.46,2.07,2.14,2.07,0.36,0.48,0.37,0.6,0.52,0.52,0.48,0.03,0.04,0.35,0.45,0.55,0.62,12,136
"2020-05-01",2020,5,"Santa Fe",3,3536418,13.0499236722472,102.435221639922,93.2781765183154,71.2516598835336,87.5465856051927,178.122264875509,91.8446765710679,1.05,1.64,2.7,2.79,2.46,2.07,2.14,-0.27,0.36,0.48,0.37,0.6,0.52,0.52,0.48,0.03,0.04,0.35,0.45,0.55,12,137
"2020-06-01",2020,6,"Santa Fe",4,3536418,16.9373100325945,13.0499236722472,102.435221639922,93.2781765183154,71.2516598835336,87.5465856051927,178.122264875509,1.4,1.05,1.64,2.7,2.79,2.46,2.07,-0.34,-0.27,0.36,0.48,0.37,0.6,0.52,0.52,0.48,0.03,0.04,0.35,0.45,12,138
"2020-07-01",2020,7,"Santa Fe",1,3536418,3.28103019591257,16.9373100325945,13.0499236722472,102.435221639922,93.2781765183154,71.2516598835336,87.5465856051927,1.54,1.4,1.05,1.64,2.7,2.79,2.46,-0.3,-0.34,-0.27,0.36,0.48,0.37,0.6,0.52,0.52,0.48,0.03,0.04,0.35,12,139
"2020-08-01",2020,8,"Santa Fe",0,3536418,11.0250589380966,3.28103019591257,16.9373100325945,13.0499236722472,102.435221639922,93.2781765183154,71.2516598835336,1.1,1.54,1.4,1.05,1.64,2.7,2.79,-0.59,-0.3,-0.34,-0.27,0.36,0.48,0.37,0.6,0.52,0.52,0.48,0.03,0.04,12,140
"2020-09-01",2020,9,"Santa Fe",0,3536418,37.4600183560076,11.0250589380966,3.28103019591257,16.9373100325945,13.0499236722472,102.435221639922,93.2781765183154,1.56,1.1,1.54,1.4,1.05,1.64,2.7,-0.83,-0.59,-0.3,-0.34,-0.27,0.36,0.48,0.37,0.6,0.52,0.52,0.48,0.03,12,141
"2020-10-01",2020,10,"Santa Fe",0,3536418,94.4928315868983,37.4600183560076,11.0250589380966,3.28103019591257,16.9373100325945,13.0499236722472,102.435221639922,1.39,1.56,1.1,1.54,1.4,1.05,1.64,-1.26,-0.83,-0.59,-0.3,-0.34,-0.27,0.36,0.48,0.37,0.6,0.52,0.52,0.48,12,142
"2020-11-01",2020,11,"Santa Fe",1,3536418,85.9155116667087,94.4928315868983,37.4600183560076,11.0250589380966,3.28103019591257,16.9373100325945,13.0499236722472,1.03,1.39,1.56,1.1,1.54,1.4,1.05,-1.42,-1.26,-0.83,-0.59,-0.3,-0.34,-0.27,0.36,0.48,0.37,0.6,0.52,0.52,12,143
"2020-12-01",2020,12,"Santa Fe",3,3536418,89.3868981428314,85.9155116667087,94.4928315868983,37.4600183560076,11.0250589380966,3.28103019591257,16.9373100325945,1.32,1.03,1.39,1.56,1.1,1.54,1.4,-1.15,-1.42,-1.26,-0.83,-0.59,-0.3,-0.34,-0.27,0.36,0.48,0.37,0.6,0.52,12,144
